{"epoch": 4, "loss": 9.725685119628906, "recon_loss": 9.725685119628906, "kl_loss": 118.45280456542969, "val_loss": 9.034708976745605, "val_recon_loss": 9.034708976745605, "val_kl_loss": 117.96155548095703, "_timestamp": 1701738002.195623, "_runtime": 23.02135682106018, "_step": 5, "fold": 1, "precision": 0.9233693477390956, "recall": 0.33556314985821273, "f1": 0.4922404138445949, "roc_auc": 0.9592465111852951, "auprc": 0.5318799154398385, "_wandb": {"runtime": 21}}