{"epoch": 40, "loss": 5.570065975189209, "r_squared": 0.44744110107421875, "val_loss": 6.256195545196533, "val_r_squared": 0.2930268943309784, "_timestamp": 1700822486.6515594, "_runtime": 1159.4679844379425, "_step": 41, "sparsity_level": 15, "fold": 0, "rmse": 6.296236866705651, "r2": 0.3005799312736871, "pearson_corr": 0.5549604003988564, "_wandb": {"runtime": 1157}}