{"epoch": 96, "loss": 7.559962749481201, "r_squared": 0.6581284999847412, "val_loss": 9.51491641998291, "val_r_squared": 0.5067489147186279, "_timestamp": 1700719291.7825458, "_runtime": 638.748284816742, "_step": 97, "sparsity_level": 70, "fold": 1, "rmse": 10.053261878952929, "r2": 0.464809469243991, "pearson_corr": 0.6829025272909645, "_wandb": {"runtime": 637}}