{"fold": 1, "precision": 0.8483523873570948, "recall": 0.5478827361563517, "f1": 0.6657870431455337, "roc_auc": 0.9766059868406968, "auprc": 0.7010370863431783, "_timestamp": 1701359792.3003352, "_runtime": 191.34699606895447, "_step": 0, "_wandb": {"runtime": 188}}