{"epoch": 30, "loss": 6.84002685546875, "r_squared": 0.41036251187324524, "val_loss": 7.3196539878845215, "val_r_squared": 0.3169199526309967, "_timestamp": 1700842858.3866181, "_runtime": 539.5363762378693, "_step": 31, "sparsity_level": 40, "fold": 0, "rmse": 7.378111488318903, "r2": 0.3235846781254408, "pearson_corr": 0.5696284359937923, "_wandb": {"runtime": 538}}