{"epoch": 44, "loss": 4.720094203948975, "r_squared": 0.4529830813407898, "val_loss": 5.269255638122559, "val_r_squared": 0.3115214407444, "_timestamp": 1700734719.4127545, "_runtime": 1238.778636455536, "_step": 45, "sparsity_level": 0, "fold": 2, "rmse": 5.331349950052677, "r2": 0.31254120058934487, "pearson_corr": 0.5666820546426882, "_wandb": {"runtime": 1237}}