{"epoch": 52, "loss": 9.081120491027832, "r_squared": 0.4708006978034973, "val_loss": 10.247701644897461, "val_r_squared": 0.3526248633861542, "_timestamp": 1700858820.6538582, "_runtime": 397.4974582195282, "_step": 53, "sparsity_level": 70, "fold": 0, "rmse": 10.372013580571132, "r2": 0.3495717134706954, "pearson_corr": 0.5933814909593756, "_wandb": {"runtime": 396}}