{"epoch": 49, "loss": 4.952774524688721, "r_squared": 0.46067726612091064, "val_loss": 5.5309247970581055, "val_r_squared": 0.33184486627578735, "_timestamp": 1700744583.7603643, "_runtime": 1151.779845237732, "_step": 50, "sparsity_level": 10, "fold": 0, "rmse": 5.5625558927703205, "r2": 0.3372156324454386, "pearson_corr": 0.5821862019061463, "_wandb": {"runtime": 1151}}