{"sparsity_level": 95, "fold": 0, "rmse": 23.161735251433218, "r2": 0.45546566448757375, "pearson_corr": 0.6749018930715248, "_timestamp": 1700655127.1015098, "_runtime": 25.791080713272095, "_step": 0, "_wandb": {"runtime": 25}}