{"epoch": 29, "loss": 7.265822887420654, "r_squared": 0.5010879635810852, "val_loss": 7.387563228607178, "val_r_squared": 0.4487757682800293, "_timestamp": 1700708132.482852, "_runtime": 333.2367570400238, "_step": 30, "sparsity_level": 50, "fold": 3, "rmse": 7.462127639743542, "r2": 0.4440527046302788, "pearson_corr": 0.6664258061956785, "_wandb": {"runtime": 332}}