{"sparsity_level": 95, "fold": 0, "rmse": 18.440103494932487, "r2": 0.6334995161663957, "pearson_corr": 0.7959291335604646, "_timestamp": 1700653573.2859216, "_runtime": 203.75984048843384, "_step": 0, "_wandb": {"runtime": 203}}