{"epoch": 93, "loss": 11.55133056640625, "r_squared": 0.5981523394584656, "val_loss": 13.029145240783691, "val_r_squared": 0.5082738995552063, "_timestamp": 1700794907.1778994, "_runtime": 155.66277527809143, "_step": 94, "sparsity_level": 90, "fold": 1, "rmse": 13.162268610594888, "r2": 0.5106162021796963, "pearson_corr": 0.7149472301260673, "_wandb": {"runtime": 154}}