{"epoch": 41, "loss": 7.103903293609619, "r_squared": 0.4791061282157898, "val_loss": 8.049185752868652, "val_r_squared": 0.3654850125312805, "_timestamp": 1700786194.370435, "_runtime": 402.7230839729309, "_step": 42, "sparsity_level": 60, "fold": 3, "rmse": 8.204398639741752, "r2": 0.35654415149741225, "pearson_corr": 0.5978017351302871, "_wandb": {"runtime": 401}}