{"epoch": 54, "loss": 6.297829627990723, "r_squared": 0.49754419922828674, "val_loss": 7.141357421875, "val_r_squared": 0.3506868779659271, "_timestamp": 1700780522.5696461, "_runtime": 610.5433921813965, "_step": 55, "sparsity_level": 50, "fold": 2, "rmse": 7.183111954697656, "r2": 0.3577379314748207, "pearson_corr": 0.605082491093054, "_wandb": {"runtime": 608}}