{"epoch": 115, "loss": 13.488232612609863, "recon_loss": 8.728353500366211, "kl_loss": 4.75988245010376, "val_loss": 17.870872497558594, "val_recon_loss": 13.62177562713623, "val_kl_loss": 4.249100208282471, "_timestamp": 1701363798.418418, "_runtime": 329.8333568572998, "_step": 116, "fold": 1, "precision": 0.7924415116976604, "recall": 0.39048182086905114, "f1": 0.5231683168316831, "roc_auc": 0.9558007394041798, "auprc": 0.5324405559895438, "_wandb": {"runtime": 328}}