{"epoch": 117, "loss": 10.919529914855957, "r_squared": 0.6460103392601013, "val_loss": 12.89818286895752, "val_r_squared": 0.526780903339386, "_timestamp": 1700795305.0375047, "_runtime": 191.49955868721008, "_step": 118, "sparsity_level": 90, "fold": 3, "rmse": 13.137826997144868, "r2": 0.5193563146102849, "pearson_corr": 0.7208624781365024, "_wandb": {"runtime": 190}}