{"epoch": 64, "loss": 4.498710632324219, "r_squared": 0.5049117207527161, "val_loss": 5.0900163650512695, "val_r_squared": 0.3540153503417969, "_timestamp": 1700733474.0000336, "_runtime": 1648.159349679947, "_step": 65, "sparsity_level": 0, "fold": 1, "rmse": 5.138738305475872, "r2": 0.353778403110916, "pearson_corr": 0.6032829847180997, "_wandb": {"runtime": 1646}}