{"epoch": 90, "loss": 10.517050743103027, "r_squared": 0.6598289608955383, "val_loss": 12.355372428894043, "val_r_squared": 0.5540996789932251, "_timestamp": 1700726814.527652, "_runtime": 332.82812094688416, "_step": 91, "sparsity_level": 85, "fold": 3, "rmse": 12.839677593056004, "r2": 0.5308760929534567, "pearson_corr": 0.7288313623039976, "_wandb": {"runtime": 331}}