{"epoch": 130, "loss": 16.551177978515625, "r_squared": 0.713207483291626, "val_loss": 18.407136917114258, "val_r_squared": 0.641538143157959, "_timestamp": 1700729179.6686218, "_runtime": 176.48253989219666, "_step": 131, "sparsity_level": 95, "fold": 1, "rmse": 19.281627293433747, "r2": 0.6138478768221178, "pearson_corr": 0.7834920810755657, "_wandb": {"runtime": 174}}