{"epoch": 72, "loss": 8.286718368530273, "r_squared": 0.5472515225410461, "val_loss": 9.510857582092285, "val_r_squared": 0.4172084331512451, "_timestamp": 1700791169.8097322, "_runtime": 350.3934280872345, "_step": 73, "sparsity_level": 75, "fold": 1, "rmse": 9.587532524928601, "r2": 0.4179806155993121, "pearson_corr": 0.6490544682290459, "_wandb": {"runtime": 348}}