{"epoch": 29, "loss": 5.4564528465271, "r_squared": 0.41005346179008484, "val_loss": 6.035360813140869, "val_r_squared": 0.2842923700809479, "_timestamp": 1700814650.7015288, "_runtime": 887.4664587974548, "_step": 30, "sparsity_level": 5, "fold": 2, "rmse": 6.099151528098984, "r2": 0.28875042905131876, "pearson_corr": 0.5399356506163981, "_wandb": {"runtime": 886}}