{"epoch": 71, "loss": 7.090305805206299, "r_squared": 0.6042729616165161, "val_loss": 8.256321907043457, "val_r_squared": 0.49170994758605957, "_timestamp": 1700714494.5106223, "_runtime": 598.3653483390808, "_step": 72, "sparsity_level": 60, "fold": 3, "rmse": 8.428815633527778, "r2": 0.47929130969382916, "pearson_corr": 0.6924928258030817, "_wandb": {"runtime": 596}}