{"epoch": 27, "loss": 5.852263450622559, "r_squared": 0.3942801356315613, "val_loss": 6.281859397888184, "val_r_squared": 0.27798059582710266, "_timestamp": 1700823258.5397067, "_runtime": 765.4923806190491, "_step": 28, "sparsity_level": 15, "fold": 1, "rmse": 6.321660881226856, "r2": 0.2793501003161606, "pearson_corr": 0.5321882255184774, "_wandb": {"runtime": 764}}