{"epoch": 48, "loss": 10.111676216125488, "r_squared": 0.4626671075820923, "val_loss": 10.980179786682129, "val_r_squared": 0.34768518805503845, "_timestamp": 1700861143.1493545, "_runtime": 318.57589840888977, "_step": 49, "sparsity_level": 75, "fold": 1, "rmse": 11.08872521471299, "r2": 0.34747951345825745, "pearson_corr": 0.5929736698693123, "_wandb": {"runtime": 317}}