{"epoch": 0, "loss": 82.3689193725586, "recon_loss": 82.3689193725586, "kl_loss": 9.556095123291016, "val_loss": 18.30063819885254, "val_recon_loss": 18.30063819885254, "val_kl_loss": 1.4171676635742188, "_timestamp": 1701737699.2784047, "_runtime": 13.600295782089233, "_step": 1, "fold": 2, "precision": 0.0, "recall": 0.0, "f1": 0.0, "roc_auc": 0.7959096618371388, "auprc": 0.04872698583021108, "_wandb": {"runtime": 12}}