{"epoch": 52, "loss": 7.955893516540527, "r_squared": 0.5026477575302124, "val_loss": 8.854708671569824, "val_r_squared": 0.40066152811050415, "_timestamp": 1700789712.5432832, "_runtime": 323.73625111579895, "_step": 53, "sparsity_level": 70, "fold": 2, "rmse": 8.914040764940001, "r2": 0.4018184283146403, "pearson_corr": 0.6350538321128122, "_wandb": {"runtime": 322}}