{"epoch": 47, "loss": 5.63604736328125, "r_squared": 0.48520398139953613, "val_loss": 6.324923992156982, "val_r_squared": 0.3337726891040802, "_timestamp": 1700768436.4000833, "_runtime": 818.2754833698273, "_step": 48, "sparsity_level": 35, "fold": 0, "rmse": 6.33853087062753, "r2": 0.343814028354943, "pearson_corr": 0.5913566935972204, "_wandb": {"runtime": 817}}