{"epoch": 35, "loss": 6.540999412536621, "r_squared": 0.4172233045101166, "val_loss": 7.228368759155273, "val_r_squared": 0.3005879521369934, "_timestamp": 1700842280.790629, "_runtime": 684.0011789798737, "_step": 36, "sparsity_level": 35, "fold": 4, "rmse": 7.286771679945571, "r2": 0.30696700842097324, "pearson_corr": 0.5559210986909963, "_wandb": {"runtime": 682}}