{"epoch": 66, "loss": 5.176554203033447, "r_squared": 0.5888646245002747, "val_loss": 5.832995891571045, "val_r_squared": 0.46754834055900574, "_timestamp": 1700682063.6840944, "_runtime": 1094.8445043563843, "_step": 67, "sparsity_level": 20, "fold": 2, "rmse": 5.956744890735233, "r2": 0.45573698156859466, "pearson_corr": 0.6774692091861322, "_wandb": {"runtime": 1093}}