{"epoch": 32, "loss": 5.59114933013916, "r_squared": 0.4212917685508728, "val_loss": 5.960301876068115, "val_r_squared": 0.2813001573085785, "_timestamp": 1700821278.5715146, "_runtime": 878.5251576900482, "_step": 33, "sparsity_level": 10, "fold": 4, "rmse": 5.969425268633091, "r2": 0.2935125278907351, "pearson_corr": 0.5484208971356578, "_wandb": {"runtime": 877}}