{"epoch": 76, "loss": 11.036968231201172, "r_squared": 0.629779577255249, "val_loss": 11.919621467590332, "val_r_squared": 0.5601860284805298, "_timestamp": 1700725515.7068675, "_runtime": 293.33599853515625, "_step": 77, "sparsity_level": 85, "fold": 0, "rmse": 12.217237186287845, "r2": 0.546628707519947, "pearson_corr": 0.7394104534027572, "_wandb": {"runtime": 292}}