{"epoch": 42, "loss": 6.872485160827637, "r_squared": 0.46585506200790405, "val_loss": 7.563825607299805, "val_r_squared": 0.34238383173942566, "_timestamp": 1700784158.2914708, "_runtime": 430.10611867904663, "_step": 43, "sparsity_level": 55, "fold": 4, "rmse": 7.5834199543308, "r2": 0.34995130430456556, "pearson_corr": 0.5957274007733638, "_wandb": {"runtime": 428}}