{"epoch": 38, "loss": 5.577031135559082, "r_squared": 0.4409518837928772, "val_loss": 6.367415904998779, "val_r_squared": 0.29902175068855286, "_timestamp": 1700824293.6784642, "_runtime": 1029.5258412361145, "_step": 39, "sparsity_level": 15, "fold": 2, "rmse": 6.425725022708231, "r2": 0.304626705020029, "pearson_corr": 0.5562625612825579, "_wandb": {"runtime": 1028}}