{"epoch": 61, "loss": 6.025204658508301, "r_squared": 0.582129180431366, "val_loss": 6.811151504516602, "val_r_squared": 0.46598589420318604, "_timestamp": 1700702240.0403173, "_runtime": 776.773496389389, "_step": 62, "sparsity_level": 40, "fold": 4, "rmse": 6.957598421127499, "r2": 0.45677465069539813, "pearson_corr": 0.6780730297026143, "_wandb": {"runtime": 775}}