{"epoch": 112, "loss": 13.495624542236328, "r_squared": 0.596602201461792, "val_loss": 15.461920738220215, "val_r_squared": 0.45196640491485596, "_timestamp": 1700864922.736107, "_runtime": 164.32809710502625, "_step": 113, "sparsity_level": 90, "fold": 2, "rmse": 15.669303552011618, "r2": 0.4485539184927313, "pearson_corr": 0.6718393546286859, "_wandb": {"runtime": 162}}