{"epoch": 122, "loss": 11.769030570983887, "r_squared": 0.7095757722854614, "val_loss": 14.118180274963379, "val_r_squared": 0.6061533689498901, "_timestamp": 1700727810.2251205, "_runtime": 308.44461464881897, "_step": 123, "sparsity_level": 90, "fold": 1, "rmse": 14.752908765639317, "r2": 0.5762580084868275, "pearson_corr": 0.7591218007083425, "_wandb": {"runtime": 306}}