{"epoch": 50, "loss": 6.451701641082764, "r_squared": 0.47888052463531494, "val_loss": 7.080366134643555, "val_r_squared": 0.34558141231536865, "_timestamp": 1700779907.5299637, "_runtime": 563.3086037635803, "_step": 51, "sparsity_level": 50, "fold": 1, "rmse": 7.129745380910774, "r2": 0.3501351488340697, "pearson_corr": 0.5985253623735466, "_wandb": {"runtime": 561}}