{"epoch": 0, "loss": 7.219659805297852, "r_squared": 0.04323432967066765, "val_loss": 7.040726661682129, "val_r_squared": 0.06123407185077667, "_timestamp": 1701739920.1744113, "_runtime": 16.95051622390747, "_step": 0, "_wandb": {"runtime": 19}}