{"sparsity_level": 95, "fold": 0, "rmse": 22.916012621153826, "r2": 0.4672534462065747, "pearson_corr": 0.685042396472127, "_timestamp": 1700655918.9298823, "_runtime": 26.73162317276001, "_step": 0, "_wandb": {"runtime": 25}}