{"epoch": 115, "loss": 13.416699409484863, "recon_loss": 8.737526893615723, "kl_loss": 4.679180145263672, "val_loss": 17.777149200439453, "val_recon_loss": 13.718119621276855, "val_kl_loss": 4.059031963348389, "_timestamp": 1701364869.4737954, "_runtime": 341.29443645477295, "_step": 116, "fold": 4, "precision": 0.7859065716547902, "recall": 0.3728495229509428, "f1": 0.5057576683990624, "roc_auc": 0.9563652868856708, "auprc": 0.5214071749534389, "_wandb": {"runtime": 339}}