{"epoch": 199, "loss": 16.20653533935547, "r_squared": 0.7004572749137878, "val_loss": 20.80748176574707, "val_r_squared": 0.5677154660224915, "_timestamp": 1700865707.0076978, "_runtime": 112.27496075630188, "_step": 200, "sparsity_level": 95, "fold": 3, "rmse": 21.465401397283088, "r2": 0.5522456762994801, "pearson_corr": 0.7431769238967008, "_wandb": {"runtime": 110}}