{"epoch": 63, "loss": 4.796297073364258, "r_squared": 0.5835750699043274, "val_loss": 5.718350887298584, "val_r_squared": 0.4470098912715912, "_timestamp": 1700665225.5918818, "_runtime": 1134.6063706874847, "_step": 64, "sparsity_level": 5, "fold": 1, "rmse": 5.832917392457567, "r2": 0.436803270703341, "pearson_corr": 0.6631136655214159, "_wandb": {"runtime": 1133}}