{"epoch": 77, "loss": 7.560172080993652, "r_squared": 0.6116646528244019, "val_loss": 8.454882621765137, "val_r_squared": 0.49784451723098755, "_timestamp": 1700718174.0718684, "_runtime": 658.5416693687439, "_step": 78, "sparsity_level": 65, "fold": 4, "rmse": 8.52338553382946, "r2": 0.49840324206859477, "pearson_corr": 0.7070247353581505, "_wandb": {"runtime": 657}}