{"epoch": 56, "loss": 6.280728816986084, "r_squared": 0.5834953188896179, "val_loss": 7.001591682434082, "val_r_squared": 0.4595932364463806, "_timestamp": 1700703694.6430151, "_runtime": 619.8164751529694, "_step": 57, "sparsity_level": 45, "fold": 1, "rmse": 7.066332302993143, "r2": 0.46131873929548795, "pearson_corr": 0.6801085364357072, "_wandb": {"runtime": 618}}