{"sparsity_level": 95, "fold": 4, "rmse": 19.314045157214153, "r2": 0.6212041823806412, "pearson_corr": 0.7881878249165962, "_timestamp": 1700654427.2940311, "_runtime": 188.31240224838257, "_step": 0, "_wandb": {"runtime": 186}}