{"epoch": 44, "loss": 5.701663017272949, "r_squared": 0.5393999814987183, "val_loss": 6.118315696716309, "val_r_squared": 0.4510645270347595, "_timestamp": 1700685045.0427637, "_runtime": 705.2123646736145, "_step": 45, "sparsity_level": 25, "fold": 0, "rmse": 6.222371757483333, "r2": 0.44316073782299714, "pearson_corr": 0.6670521395454276, "_wandb": {"runtime": 704}}