{"epoch": 53, "loss": 7.9904303550720215, "r_squared": 0.5006075501441956, "val_loss": 8.880410194396973, "val_r_squared": 0.39387547969818115, "_timestamp": 1700790406.4496334, "_runtime": 333.31083941459656, "_step": 54, "sparsity_level": 70, "fold": 4, "rmse": 9.029224905397191, "r2": 0.3844885858083342, "pearson_corr": 0.6227160521506475, "_wandb": {"runtime": 331}}