{"epoch": 54, "loss": 5.1926188468933105, "r_squared": 0.5674508213996887, "val_loss": 6.068065643310547, "val_r_squared": 0.4247327744960785, "_timestamp": 1700674792.4559503, "_runtime": 869.1983082294464, "_step": 55, "sparsity_level": 15, "fold": 0, "rmse": 6.212185399595251, "r2": 0.4125439789425914, "pearson_corr": 0.6438220314954051, "_wandb": {"runtime": 868}}