{"epoch": 141, "loss": 12.853209495544434, "r_squared": 0.6288096904754639, "val_loss": 15.516165733337402, "val_r_squared": 0.4697774052619934, "_timestamp": 1700864528.4916904, "_runtime": 203.94181036949158, "_step": 142, "sparsity_level": 90, "fold": 0, "rmse": 15.915691691586362, "r2": 0.4666024005988394, "pearson_corr": 0.6848194122128367, "_wandb": {"runtime": 203}}