{"epoch": 57, "loss": 6.597373008728027, "r_squared": 0.5805657505989075, "val_loss": 7.3592305183410645, "val_r_squared": 0.47544142603874207, "_timestamp": 1700707792.6878128, "_runtime": 618.8770208358765, "_step": 58, "sparsity_level": 50, "fold": 2, "rmse": 7.493297615844346, "r2": 0.46833683896021594, "pearson_corr": 0.6850798461756963, "_wandb": {"runtime": 617}}