{"epoch": 58, "loss": 4.7349700927734375, "r_squared": 0.5695079565048218, "val_loss": 5.475543022155762, "val_r_squared": 0.4519059360027313, "_timestamp": 1700661763.9851665, "_runtime": 1134.949101448059, "_step": 59, "sparsity_level": 0, "fold": 2, "rmse": 5.59681287449246, "r2": 0.4431109460435997, "pearson_corr": 0.6673987294081217, "_wandb": {"runtime": 1133}}