{"epoch": 0, "loss": 6.275346755981445, "r_squared": 0.04047144204378128, "val_loss": 6.199195861816406, "val_r_squared": 0.05968095734715462, "_timestamp": 1700730118.9379735, "_runtime": 45.04036545753479, "_step": 0, "_wandb": {"runtime": 63}}