{"epoch": 65, "loss": 6.773463249206543, "r_squared": 0.5964289903640747, "val_loss": 7.823127746582031, "val_r_squared": 0.4797697365283966, "_timestamp": 1700709498.006585, "_runtime": 643.0062198638916, "_step": 66, "sparsity_level": 55, "fold": 0, "rmse": 7.95078447622915, "r2": 0.47305364033760977, "pearson_corr": 0.6887789336317113, "_wandb": {"runtime": 642}}