{"epoch": 119, "loss": 12.092266082763672, "r_squared": 0.6991254091262817, "val_loss": 13.321361541748047, "val_r_squared": 0.6229896545410156, "_timestamp": 1700728462.020042, "_runtime": 322.6804678440094, "_step": 120, "sparsity_level": 90, "fold": 3, "rmse": 13.522320762547693, "r2": 0.6160014683990678, "pearson_corr": 0.785044860427707, "_wandb": {"runtime": 317}}