{"epoch": 61, "loss": 5.6698455810546875, "r_squared": 0.5721309185028076, "val_loss": 6.458641052246094, "val_r_squared": 0.4553768038749695, "_timestamp": 1700693961.1745553, "_runtime": 942.0659391880035, "_step": 62, "sparsity_level": 30, "fold": 4, "rmse": 6.601782539797941, "r2": 0.44532985815766424, "pearson_corr": 0.6686855250669141, "_wandb": {"runtime": 940}}