{"epoch": 37, "loss": 5.159151554107666, "r_squared": 0.5218557119369507, "val_loss": 5.725850582122803, "val_r_squared": 0.4278981685638428, "_timestamp": 1700667092.0206914, "_runtime": 771.4835133552551, "_step": 38, "sparsity_level": 5, "fold": 3, "rmse": 5.9388753378554275, "r2": 0.4064405644958309, "pearson_corr": 0.6382048080090189, "_wandb": {"runtime": 770}}