{"epoch": 16, "loss": 6.662879943847656, "recon_loss": 6.032148361206055, "kl_loss": 63.07291030883789, "val_loss": 6.633789539337158, "val_recon_loss": 6.220319747924805, "val_kl_loss": 41.34695816040039, "_timestamp": 1701360442.13089, "_runtime": 58.20632195472717, "_step": 16, "_wandb": {"runtime": 58}}