{"epoch": 63, "loss": 9.400471687316895, "r_squared": 0.5323172807693481, "val_loss": 10.400163650512695, "val_r_squared": 0.41742491722106934, "_timestamp": 1700792539.6360443, "_runtime": 233.4047532081604, "_step": 64, "sparsity_level": 80, "fold": 1, "rmse": 10.535319019498454, "r2": 0.41266562665816797, "pearson_corr": 0.6452389869129802, "_wandb": {"runtime": 231}}