{"epoch": 81, "loss": 4.870208263397217, "r_squared": 0.6163750886917114, "val_loss": 5.936837673187256, "val_r_squared": 0.44602420926094055, "_timestamp": 1700678886.4010606, "_runtime": 1428.7585015296936, "_step": 82, "sparsity_level": 15, "fold": 4, "rmse": 6.031501811921387, "r2": 0.44681551731405256, "pearson_corr": 0.6706652031505554, "_wandb": {"runtime": 1427}}