{"epoch": 51, "loss": 5.717580318450928, "r_squared": 0.46444371342658997, "val_loss": 6.477241516113281, "val_r_squared": 0.33578619360923767, "_timestamp": 1700770367.3494923, "_runtime": 842.3143723011017, "_step": 52, "sparsity_level": 35, "fold": 2, "rmse": 6.562651656747699, "r2": 0.33071540289401213, "pearson_corr": 0.5807841356206824, "_wandb": {"runtime": 841}}