{"epoch": 17, "loss": 6.712722301483154, "recon_loss": 6.052578449249268, "kl_loss": 33.00708770751953, "val_loss": 6.856207847595215, "val_recon_loss": 6.2720112800598145, "val_kl_loss": 29.2098331451416, "_timestamp": 1701737399.5647337, "_runtime": 57.95086169242859, "_step": 17, "_wandb": {"runtime": 57}}