{"sparsity_level": 95, "fold": 1, "rmse": 23.97576196778555, "r2": 0.4472016364742265, "pearson_corr": 0.6703782237265266, "_timestamp": 1700655158.9878552, "_runtime": 27.654497146606445, "_step": 0, "_wandb": {"runtime": 26}}