{"epoch": 115, "loss": 14.46915054321289, "recon_loss": 9.656628608703613, "kl_loss": 4.812532901763916, "val_loss": 20.05240249633789, "val_recon_loss": 15.748565673828125, "val_kl_loss": 4.3038434982299805, "_timestamp": 1701366222.030025, "_runtime": 303.0731680393219, "_step": 116, "fold": 0, "precision": 0.7797311271975181, "recall": 0.33218297966076804, "f1": 0.4658874414293805, "roc_auc": 0.9446124131270589, "auprc": 0.4715455676522423, "_wandb": {"runtime": 302}}