{"epoch": 92, "loss": 9.998587608337402, "r_squared": 0.5913488268852234, "val_loss": 11.237003326416016, "val_r_squared": 0.47268369793891907, "_timestamp": 1700793819.189754, "_runtime": 251.3233768939972, "_step": 93, "sparsity_level": 85, "fold": 1, "rmse": 11.352200789055184, "r2": 0.47068766003379714, "pearson_corr": 0.6875462210634702, "_wandb": {"runtime": 249}}