{"epoch": 30, "loss": 5.304855823516846, "r_squared": 0.41037294268608093, "val_loss": 5.8149800300598145, "val_r_squared": 0.2865910232067108, "_timestamp": 1700808658.3241725, "_runtime": 924.4546074867249, "_step": 31, "sparsity_level": 0, "fold": 1, "rmse": 5.8184385174483495, "r2": 0.29790185846678885, "pearson_corr": 0.5482035031067157, "_wandb": {"runtime": 923}}