{"epoch": 26, "loss": 7.209801197052002, "r_squared": 0.3982730507850647, "val_loss": 7.790014743804932, "val_r_squared": 0.30857935547828674, "_timestamp": 1700846956.5653856, "_runtime": 439.48008155822754, "_step": 27, "sparsity_level": 45, "fold": 2, "rmse": 7.870230576664772, "r2": 0.3109865918849156, "pearson_corr": 0.5589205619492328, "_wandb": {"runtime": 437}}