{"epoch": 115, "loss": 10.55104923248291, "recon_loss": 6.642920970916748, "kl_loss": 3.9081242084503174, "val_loss": 12.042997360229492, "val_recon_loss": 8.41584587097168, "val_kl_loss": 3.6271538734436035, "_timestamp": 1701718852.3507814, "_runtime": 326.33397340774536, "_step": 116, "fold": 2, "precision": 0.8334231079989227, "recall": 0.43918535339199544, "f1": 0.5752393345106422, "roc_auc": 0.9642746661038986, "auprc": 0.6168380203481397, "_wandb": {"runtime": 324}}