{"epoch": 44, "loss": 6.4652276039123535, "r_squared": 0.47542881965637207, "val_loss": 7.15706729888916, "val_r_squared": 0.339814692735672, "_timestamp": 1700779340.1448436, "_runtime": 500.0641825199127, "_step": 45, "sparsity_level": 50, "fold": 0, "rmse": 7.211282265541538, "r2": 0.34224313635064885, "pearson_corr": 0.5899036033919093, "_wandb": {"runtime": 499}}