{"epoch": 115, "loss": 10.519706726074219, "recon_loss": 6.624386787414551, "kl_loss": 3.895320177078247, "val_loss": 11.572486877441406, "val_recon_loss": 8.06369400024414, "val_kl_loss": 3.508796215057373, "_timestamp": 1701361113.7830343, "_runtime": 310.6119382381439, "_step": 116, "fold": 1, "precision": 0.8279057453005031, "recall": 0.4544727854080372, "f1": 0.5868167956837907, "roc_auc": 0.9664018912167205, "auprc": 0.6240684749376921, "_wandb": {"runtime": 309}}