{"epoch": 4, "loss": 9.751468658447266, "recon_loss": 9.751468658447266, "kl_loss": 97.37942504882812, "val_loss": 9.110149383544922, "val_recon_loss": 9.110149383544922, "val_kl_loss": 104.69021606445312, "_timestamp": 1701738090.9600947, "_runtime": 23.661497592926025, "_step": 5, "fold": 4, "precision": 0.921898355754858, "recall": 0.3530085139872648, "f1": 0.5105282218428269, "roc_auc": 0.9569279331300407, "auprc": 0.544568295970544, "_wandb": {"runtime": 22}}