{"epoch": 115, "loss": 13.638236045837402, "recon_loss": 9.079717636108398, "kl_loss": 4.5585222244262695, "val_loss": 17.974285125732422, "val_recon_loss": 13.975876808166504, "val_kl_loss": 3.998413562774658, "_timestamp": 1701364521.3536804, "_runtime": 357.47535943984985, "_step": 116, "fold": 3, "precision": 0.8005143867545411, "recall": 0.3722529526087607, "f1": 0.5081891933261902, "roc_auc": 0.9523866396598644, "auprc": 0.5227022193906562, "_wandb": {"runtime": 355}}