{"epoch": 57, "loss": 7.826767921447754, "r_squared": 0.5830983519554138, "val_loss": 8.668402671813965, "val_r_squared": 0.47660699486732483, "_timestamp": 1700715663.7093432, "_runtime": 445.25336718559265, "_step": 58, "sparsity_level": 65, "fold": 0, "rmse": 8.831993244184893, "r2": 0.47173274891795847, "pearson_corr": 0.6877196707054664, "_wandb": {"runtime": 444}}