{"epoch": 27, "loss": 6.400341510772705, "r_squared": 0.39716699719429016, "val_loss": 6.867006778717041, "val_r_squared": 0.2964426875114441, "_timestamp": 1700838780.53451, "_runtime": 620.5149869918823, "_step": 28, "sparsity_level": 30, "fold": 4, "rmse": 6.8755569440393725, "r2": 0.3088835023208353, "pearson_corr": 0.5570092836678221, "_wandb": {"runtime": 619}}