{"epoch": 29, "loss": 7.42605447769165, "r_squared": 0.41738274693489075, "val_loss": 7.960422992706299, "val_r_squared": 0.2959005832672119, "_timestamp": 1700850448.862337, "_runtime": 429.5469460487366, "_step": 30, "sparsity_level": 50, "fold": 3, "rmse": 8.012936820952566, "r2": 0.2999752966513053, "pearson_corr": 0.5498873474804358, "_wandb": {"runtime": 427}}