{"epoch": 45, "loss": 5.903325080871582, "r_squared": 0.4778726100921631, "val_loss": 6.815385818481445, "val_r_squared": 0.34938937425613403, "_timestamp": 1700775403.6509044, "_runtime": 693.2692484855652, "_step": 46, "sparsity_level": 40, "fold": 4, "rmse": 6.932889735416193, "r2": 0.3391187093163375, "pearson_corr": 0.5862110924747501, "_wandb": {"runtime": 691}}