{"epoch": 40, "loss": 6.078672885894775, "r_squared": 0.4516524374485016, "val_loss": 6.791982173919678, "val_r_squared": 0.32707756757736206, "_timestamp": 1700774704.0290058, "_runtime": 563.4264688491821, "_step": 41, "sparsity_level": 40, "fold": 3, "rmse": 6.878620496508596, "r2": 0.3218089506788865, "pearson_corr": 0.5711446735985737, "_wandb": {"runtime": 562}}