{"epoch": 60, "loss": 5.903214454650879, "r_squared": 0.4833529591560364, "val_loss": 6.631359100341797, "val_r_squared": 0.34649065136909485, "_timestamp": 1700774134.8042526, "_runtime": 838.9315927028656, "_step": 61, "sparsity_level": 40, "fold": 2, "rmse": 6.698865590634977, "r2": 0.34677603490154607, "pearson_corr": 0.59380530019443, "_wandb": {"runtime": 837}}