{"epoch": 115, "loss": 13.421463966369629, "recon_loss": 8.66120433807373, "kl_loss": 4.760263442993164, "val_loss": 18.105213165283203, "val_recon_loss": 13.870325088500977, "val_kl_loss": 4.234888553619385, "_timestamp": 1701364157.9325154, "_runtime": 354.8066704273224, "_step": 116, "fold": 2, "precision": 0.7723401183773639, "recall": 0.3979470395715561, "f1": 0.5252564920720632, "roc_auc": 0.9535061429167089, "auprc": 0.5341244008883063, "_wandb": {"runtime": 353}}