{"epoch": 64, "loss": 7.199489116668701, "r_squared": 0.5914235711097717, "val_loss": 8.470693588256836, "val_r_squared": 0.468014657497406, "_timestamp": 1700713028.3065474, "_runtime": 552.5975544452667, "_step": 65, "sparsity_level": 60, "fold": 0, "rmse": 8.724684311705824, "r2": 0.4512223954837684, "pearson_corr": 0.6720279653742447, "_wandb": {"runtime": 551}}