{"epoch": 28, "loss": 6.572534084320068, "r_squared": 0.4175145626068115, "val_loss": 7.151773929595947, "val_r_squared": 0.29509401321411133, "_timestamp": 1700841028.0080552, "_runtime": 553.632904291153, "_step": 29, "sparsity_level": 35, "fold": 2, "rmse": 7.207704681220971, "r2": 0.2980096844254462, "pearson_corr": 0.5500518278199437, "_wandb": {"runtime": 552}}