{"epoch": 46, "loss": 5.21337366104126, "r_squared": 0.46574515104293823, "val_loss": 5.853184223175049, "val_r_squared": 0.3344722092151642, "_timestamp": 1700758969.180605, "_runtime": 965.5699889659882, "_step": 47, "sparsity_level": 20, "fold": 4, "rmse": 5.960969890701556, "r2": 0.3257307083283778, "pearson_corr": 0.5756528795209143, "_wandb": {"runtime": 964}}