{"epoch": 44, "loss": 5.7115559577941895, "r_squared": 0.4515661895275116, "val_loss": 6.503602981567383, "val_r_squared": 0.2926791310310364, "_timestamp": 1700830095.226359, "_runtime": 1155.7012939453125, "_step": 45, "sparsity_level": 20, "fold": 3, "rmse": 6.507958204356018, "r2": 0.3084539058423169, "pearson_corr": 0.560958166408211, "_wandb": {"runtime": 1154}}