{"epoch": 65, "loss": 12.289874076843262, "r_squared": 0.5029613375663757, "val_loss": 13.077292442321777, "val_r_squared": 0.41034045815467834, "_timestamp": 1700864313.775994, "_runtime": 178.15046906471252, "_step": 66, "sparsity_level": 85, "fold": 4, "rmse": 13.15277280427863, "r2": 0.41274036993222285, "pearson_corr": 0.6445960958173046, "_wandb": {"runtime": 176}}