{"epoch": 117, "loss": 10.055465698242188, "r_squared": 0.6912795901298523, "val_loss": 11.516216278076172, "val_r_squared": 0.5842123031616211, "_timestamp": 1700726475.7247376, "_runtime": 438.70686173439026, "_step": 118, "sparsity_level": 85, "fold": 2, "rmse": 11.70222512292612, "r2": 0.5772649820003405, "pearson_corr": 0.7598979811443296, "_wandb": {"runtime": 437}}