{"epoch": 115, "loss": 10.42151927947998, "recon_loss": 6.532826900482178, "kl_loss": 3.888698101043701, "val_loss": 12.017489433288574, "val_recon_loss": 8.530013084411621, "val_kl_loss": 3.487481117248535, "_timestamp": 1701361763.0946565, "_runtime": 321.61433148384094, "_step": 116, "fold": 3, "precision": 0.8307861765110836, "recall": 0.4346322840884535, "f1": 0.5706989501560578, "roc_auc": 0.962374924189923, "auprc": 0.6119654089645764, "_wandb": {"runtime": 320}}