{"sparsity_level": 95, "fold": 2, "rmse": 21.642458091940117, "r2": 0.47948336260922153, "pearson_corr": 0.6927672253948968, "_timestamp": 1700655991.8205109, "_runtime": 28.37100577354431, "_step": 0, "_wandb": {"runtime": 26}}