{"epoch": 57, "loss": 7.928425312042236, "r_squared": 0.5104236602783203, "val_loss": 8.9321928024292, "val_r_squared": 0.3759085536003113, "_timestamp": 1700790068.6032503, "_runtime": 351.1527683734894, "_step": 58, "sparsity_level": 70, "fold": 3, "rmse": 9.042485239858161, "r2": 0.372770214986354, "pearson_corr": 0.6133285713748985, "_wandb": {"runtime": 349}}