{"epoch": 37, "loss": 7.267432689666748, "r_squared": 0.4346555173397064, "val_loss": 8.067286491394043, "val_r_squared": 0.30835291743278503, "_timestamp": 1700850015.6714199, "_runtime": 549.5234999656677, "_step": 38, "sparsity_level": 50, "fold": 2, "rmse": 8.117800072109379, "r2": 0.31731803845990847, "pearson_corr": 0.5654943994988644, "_wandb": {"runtime": 548}}