{"epoch": 48, "loss": 7.512037754058838, "r_squared": 0.4930955767631531, "val_loss": 8.27979850769043, "val_r_squared": 0.3722168505191803, "_timestamp": 1700787326.8470554, "_runtime": 402.7793765068054, "_step": 49, "sparsity_level": 65, "fold": 1, "rmse": 8.416273114137928, "r2": 0.36302836351366896, "pearson_corr": 0.6073121412320025, "_wandb": {"runtime": 401}}