{"fold": 0, "precision": 0.8707950180421371, "recall": 0.5310947039613801, "f1": 0.659787449839044, "roc_auc": 0.9757708585218825, "auprc": 0.7054456344485824, "_timestamp": 1701359583.3343575, "_runtime": 190.75223541259766, "_step": 0, "_wandb": {"runtime": 190}}