{"epoch": 65, "loss": 8.452404022216797, "recon_loss": 5.455097198486328, "kl_loss": 5.9946160316467285, "val_loss": 9.600372314453125, "val_recon_loss": 6.8612189292907715, "val_kl_loss": 5.478305816650391, "_timestamp": 1701360185.9270754, "_runtime": 186.81373047828674, "_step": 66, "fold": 0, "precision": 0.8635740402193784, "recall": 0.5507943448476899, "f1": 0.6725994482513127, "roc_auc": 0.9762815056310196, "auprc": 0.7128753830198726, "_wandb": {"runtime": 186}}