{"epoch": 130, "loss": 10.751805305480957, "r_squared": 0.6602633595466614, "val_loss": 12.403964042663574, "val_r_squared": 0.5437204241752625, "_timestamp": 1700795519.8296838, "_runtime": 209.91022777557373, "_step": 131, "sparsity_level": 90, "fold": 4, "rmse": 12.541511389669003, "r2": 0.5393936062769948, "pearson_corr": 0.7350084652582185, "_wandb": {"runtime": 208}}