{"epoch": 73, "loss": 10.361668586730957, "r_squared": 0.5632576942443848, "val_loss": 11.157480239868164, "val_r_squared": 0.4692283272743225, "_timestamp": 1700794027.1959834, "_runtime": 202.86642742156982, "_step": 74, "sparsity_level": 85, "fold": 2, "rmse": 11.16650557679687, "r2": 0.47481953392366916, "pearson_corr": 0.6901411107475213, "_wandb": {"runtime": 201}}