{"epoch": 56, "loss": 4.875569820404053, "r_squared": 0.4952477812767029, "val_loss": 5.699033260345459, "val_r_squared": 0.334968239068985, "_timestamp": 1700753436.2533212, "_runtime": 1220.8305292129517, "_step": 57, "sparsity_level": 15, "fold": 3, "rmse": 5.818448777023006, "r2": 0.3277823660482959, "pearson_corr": 0.5819222732671989, "_wandb": {"runtime": 1219}}