{"epoch": 30, "loss": 7.96254301071167, "r_squared": 0.514083743095398, "val_loss": 8.318093299865723, "val_r_squared": 0.4407391846179962, "_timestamp": 1700713891.280111, "_runtime": 278.5814700126648, "_step": 31, "sparsity_level": 60, "fold": 2, "rmse": 8.521115519721656, "r2": 0.4287426315293327, "pearson_corr": 0.654959181636212, "_wandb": {"runtime": 277}}