{"epoch": 40, "loss": 6.400117874145508, "r_squared": 0.44140660762786865, "val_loss": 7.2295122146606445, "val_r_squared": 0.2895353138446808, "_timestamp": 1700840467.9253938, "_runtime": 778.3389937877655, "_step": 41, "sparsity_level": 35, "fold": 1, "rmse": 7.265094462423063, "r2": 0.30105488250665047, "pearson_corr": 0.553824682499579, "_wandb": {"runtime": 777}}