{"sparsity_level": 95, "fold": 4, "rmse": 22.759709772279447, "r2": 0.466865137560006, "pearson_corr": 0.6839911299401314, "_timestamp": 1700656055.9763525, "_runtime": 27.349393367767334, "_step": 0, "_wandb": {"runtime": 25}}