{"epoch": 53, "loss": 4.961414813995361, "r_squared": 0.47947072982788086, "val_loss": 5.675904273986816, "val_r_squared": 0.33364933729171753, "_timestamp": 1700754526.3269382, "_runtime": 1083.6006121635437, "_step": 54, "sparsity_level": 15, "fold": 4, "rmse": 5.707488594901496, "r2": 0.33660770638457704, "pearson_corr": 0.5837652451776955, "_wandb": {"runtime": 1082}}