{"epoch": 33, "loss": 5.226578712463379, "r_squared": 0.42786186933517456, "val_loss": 5.7276692390441895, "val_r_squared": 0.30477043986320496, "_timestamp": 1700810729.73631, "_runtime": 1093.1142230033875, "_step": 34, "sparsity_level": 0, "fold": 3, "rmse": 5.757568868753693, "r2": 0.3090850264185214, "pearson_corr": 0.5599529785543224, "_wandb": {"runtime": 1092}}