{"epoch": 60, "loss": 6.917112827301025, "r_squared": 0.5800325870513916, "val_loss": 7.822601318359375, "val_r_squared": 0.47752687335014343, "_timestamp": 1700710101.3117666, "_runtime": 597.3327186107635, "_step": 61, "sparsity_level": 55, "fold": 1, "rmse": 8.006969596791345, "r2": 0.46418581176137663, "pearson_corr": 0.6826204060646194, "_wandb": {"runtime": 596}}