{"epoch": 60, "loss": 12.118765830993652, "r_squared": 0.5040121078491211, "val_loss": 14.278030395507812, "val_r_squared": 0.374323308467865, "_timestamp": 1700863738.710972, "_runtime": 164.7510051727295, "_step": 61, "sparsity_level": 85, "fold": 1, "rmse": 14.563719919426372, "r2": 0.3699379276300453, "pearson_corr": 0.6098339890264466, "_wandb": {"runtime": 163}}