{"epoch": 39, "loss": 7.715322971343994, "r_squared": 0.43599236011505127, "val_loss": 8.424004554748535, "val_r_squared": 0.3158416748046875, "_timestamp": 1700852903.1474302, "_runtime": 485.2083032131195, "_step": 40, "sparsity_level": 55, "fold": 3, "rmse": 8.558674327944102, "r2": 0.31611847121889125, "pearson_corr": 0.5644668336623779, "_wandb": {"runtime": 483}}