{"sparsity_level": 95, "fold": 1, "rmse": 19.48780856095441, "r2": 0.6144433417243023, "pearson_corr": 0.7842813481434839, "_timestamp": 1700653782.2505615, "_runtime": 203.16201257705688, "_step": 0, "_wandb": {"runtime": 198}}