{"epoch": 33, "loss": 7.772383213043213, "r_squared": 0.4221254885196686, "val_loss": 8.699458122253418, "val_r_squared": 0.30407029390335083, "_timestamp": 1700851946.180605, "_runtime": 415.61210203170776, "_step": 34, "sparsity_level": 55, "fold": 1, "rmse": 8.818734045873564, "r2": 0.30621577956000534, "pearson_corr": 0.5565763976395169, "_wandb": {"runtime": 414}}