{"epoch": 77, "loss": 8.668292045593262, "r_squared": 0.6279084086418152, "val_loss": 9.922613143920898, "val_r_squared": 0.5089139342308044, "_timestamp": 1700721563.255274, "_runtime": 434.460391998291, "_step": 78, "sparsity_level": 75, "fold": 1, "rmse": 10.011667653804029, "r2": 0.5066708341862327, "pearson_corr": 0.7130061450671883, "_wandb": {"runtime": 429}}