{"epoch": 50, "loss": 6.70682954788208, "r_squared": 0.4872831702232361, "val_loss": 7.635928630828857, "val_r_squared": 0.3515837490558624, "_timestamp": 1700783343.9658942, "_runtime": 503.11565828323364, "_step": 51, "sparsity_level": 55, "fold": 2, "rmse": 7.690449325912498, "r2": 0.3560960244271961, "pearson_corr": 0.5981443645654994, "_wandb": {"runtime": 501}}