{"epoch": 1, "loss": 14.952715873718262, "recon_loss": 14.952715873718262, "kl_loss": 3.599804639816284, "val_loss": 13.803597450256348, "val_recon_loss": 13.803597450256348, "val_kl_loss": 11.20689582824707, "_timestamp": 1701717376.5536406, "_runtime": 16.05258870124817, "_step": 1, "_wandb": {"runtime": 17}}