{"epoch": 0, "loss": 83.13841247558594, "recon_loss": 83.13841247558594, "kl_loss": 11.93628215789795, "val_loss": 17.57147789001465, "val_recon_loss": 17.57147789001465, "val_kl_loss": 2.188131809234619, "_timestamp": 1701737661.393248, "_runtime": 12.339591979980469, "_step": 1, "fold": 0, "precision": 0.0, "recall": 0.0, "f1": 0.0, "roc_auc": 0.7991318403329474, "auprc": 0.06045852718803055, "_wandb": {"runtime": 11}}