{"epoch": 39, "loss": 7.74284029006958, "r_squared": 0.46154525876045227, "val_loss": 8.305468559265137, "val_r_squared": 0.36449286341667175, "_timestamp": 1700786918.9743936, "_runtime": 329.326863527298, "_step": 40, "sparsity_level": 65, "fold": 0, "rmse": 8.357642594162087, "r2": 0.3680762088075732, "pearson_corr": 0.6084398388100395, "_wandb": {"runtime": 328}}