{"epoch": 44, "loss": 9.245294570922852, "r_squared": 0.4548940062522888, "val_loss": 10.251649856567383, "val_r_squared": 0.3415505290031433, "_timestamp": 1700859546.6142051, "_runtime": 331.5557532310486, "_step": 45, "sparsity_level": 70, "fold": 2, "rmse": 10.464107014136108, "r2": 0.33731470366600136, "pearson_corr": 0.5820070560950626, "_wandb": {"runtime": 330}}