{"epoch": 62, "loss": 5.841716289520264, "r_squared": 0.5733837485313416, "val_loss": 6.520846843719482, "val_r_squared": 0.4615108072757721, "_timestamp": 1700698480.8898957, "_runtime": 788.354151725769, "_step": 63, "sparsity_level": 35, "fold": 4, "rmse": 6.636560659275673, "r2": 0.4509187800899198, "pearson_corr": 0.6723452631083116, "_wandb": {"runtime": 787}}