{"epoch": 41, "loss": 8.835081100463867, "r_squared": 0.4887745678424835, "val_loss": 9.625866889953613, "val_r_squared": 0.39586085081100464, "_timestamp": 1700791382.349814, "_runtime": 207.09279704093933, "_step": 42, "sparsity_level": 75, "fold": 2, "rmse": 9.754496997438343, "r2": 0.38873678459976135, "pearson_corr": 0.6253770757468295, "_wandb": {"runtime": 206}}