{"epoch": 42, "loss": 5.023645401000977, "r_squared": 0.44613802433013916, "val_loss": 5.615723133087158, "val_r_squared": 0.3150075376033783, "_timestamp": 1700747541.4628537, "_runtime": 927.5593147277832, "_step": 43, "sparsity_level": 10, "fold": 3, "rmse": 5.674149017433203, "r2": 0.31553567017455997, "pearson_corr": 0.5673441079970162, "_wandb": {"runtime": 926}}