{"epoch": 52, "loss": 10.018562316894531, "r_squared": 0.47187933325767517, "val_loss": 11.012486457824707, "val_r_squared": 0.34245654940605164, "_timestamp": 1700861486.2968082, "_runtime": 337.8724331855774, "_step": 53, "sparsity_level": 75, "fold": 2, "rmse": 11.144249512326908, "r2": 0.3418830852397803, "pearson_corr": 0.5899397257522122, "_wandb": {"runtime": 336}}