{"epoch": 114, "loss": 12.410971641540527, "r_squared": 0.6861700415611267, "val_loss": 12.96744441986084, "val_r_squared": 0.6306978464126587, "_timestamp": 1700727498.2019582, "_runtime": 294.17136907577515, "_step": 115, "sparsity_level": 90, "fold": 0, "rmse": 13.269336578713865, "r2": 0.6174370339464421, "pearson_corr": 0.78578279188813, "_wandb": {"runtime": 293}}