{"epoch": 199, "loss": 16.438034057617188, "r_squared": 0.7005859613418579, "val_loss": 20.38187026977539, "val_r_squared": 0.5581879615783691, "_timestamp": 1700865387.344423, "_runtime": 110.05602812767029, "_step": 200, "sparsity_level": 95, "fold": 0, "rmse": 20.736802930630862, "r2": 0.552317327807311, "pearson_corr": 0.7440790127971293, "_wandb": {"runtime": 109}}