{"epoch": 48, "loss": 7.637190818786621, "recon_loss": 5.19968318939209, "kl_loss": 7.386385440826416, "val_loss": 8.764238357543945, "val_recon_loss": 6.476949214935303, "val_kl_loss": 6.931178092956543, "_timestamp": 1701710014.3564842, "_runtime": 243.79709029197693, "_step": 48, "_wandb": {"runtime": 245}}