{"epoch": 38, "loss": 7.238492488861084, "r_squared": 0.44058501720428467, "val_loss": 7.911482810974121, "val_r_squared": 0.3287164568901062, "_timestamp": 1700851001.3348508, "_runtime": 546.3610098361969, "_step": 39, "sparsity_level": 50, "fold": 4, "rmse": 7.924322870889446, "r2": 0.3407368043016116, "pearson_corr": 0.5861671180130901, "_wandb": {"runtime": 544}}