{"epoch": 4, "loss": 9.860970497131348, "recon_loss": 9.860970497131348, "kl_loss": 129.84942626953125, "val_loss": 9.13793659210205, "val_recon_loss": 9.13793659210205, "val_kl_loss": 141.9827423095703, "_timestamp": 1701737972.3281727, "_runtime": 23.63339376449585, "_step": 5, "fold": 0, "precision": 0.9252336448598131, "recall": 0.33588392405977047, "f1": 0.4928503336510963, "roc_auc": 0.9564527450814971, "auprc": 0.5354862414727837, "_wandb": {"runtime": 22}}