{"epoch": 34, "loss": 5.857941627502441, "r_squared": 0.4290130138397217, "val_loss": 6.397398471832275, "val_r_squared": 0.287157267332077, "_timestamp": 1700827070.5803444, "_runtime": 872.565601348877, "_step": 35, "sparsity_level": 20, "fold": 0, "rmse": 6.426121924653009, "r2": 0.2961894429992735, "pearson_corr": 0.5522337384074039, "_wandb": {"runtime": 871}}