{"epoch": 42, "loss": 4.832643508911133, "r_squared": 0.4549742639064789, "val_loss": 5.36307954788208, "val_r_squared": 0.3230987787246704, "_timestamp": 1700739706.4699178, "_runtime": 1051.9516546726227, "_step": 43, "sparsity_level": 5, "fold": 1, "rmse": 5.3914360984012895, "r2": 0.328297587048494, "pearson_corr": 0.574669765503609, "_wandb": {"runtime": 1050}}