{"epoch": 73, "loss": 9.247739791870117, "r_squared": 0.5466334223747253, "val_loss": 10.421012878417969, "val_r_squared": 0.4206386208534241, "_timestamp": 1700792302.1575568, "_runtime": 266.84590768814087, "_step": 74, "sparsity_level": 80, "fold": 0, "rmse": 10.594883541831345, "r2": 0.4154804682463846, "pearson_corr": 0.647214903150433, "_wandb": {"runtime": 266}}