{"epoch": 50, "loss": 9.174724578857422, "r_squared": 0.4654199779033661, "val_loss": 10.193098068237305, "val_r_squared": 0.32991960644721985, "_timestamp": 1700859211.2302778, "_runtime": 386.8468086719513, "_step": 51, "sparsity_level": 70, "fold": 1, "rmse": 10.235051077521673, "r2": 0.3354380147035726, "pearson_corr": 0.5849422337344198, "_wandb": {"runtime": 385}}