{"epoch": 114, "loss": 10.508769035339355, "recon_loss": 6.670670986175537, "kl_loss": 3.876870632171631, "val_loss": 12.133662223815918, "val_recon_loss": 8.654206275939941, "val_kl_loss": 3.5146074295043945, "_timestamp": 1701718519.5750265, "_runtime": 314.2211284637451, "_step": 115, "fold": 1, "precision": 0.8174017964874648, "recall": 0.43734308873108096, "f1": 0.5698130841121496, "roc_auc": 0.9625535006853427, "auprc": 0.606367388065585, "_wandb": {"runtime": 313}}