{"epoch": 39, "loss": 6.024352073669434, "r_squared": 0.43043386936187744, "val_loss": 6.684748649597168, "val_r_squared": 0.28254052996635437, "_timestamp": 1700832761.6680634, "_runtime": 892.1002705097198, "_step": 40, "sparsity_level": 25, "fold": 1, "rmse": 6.687045833796073, "r2": 0.2984235960609145, "pearson_corr": 0.5525062452741262, "_wandb": {"runtime": 890}}