{"epoch": 41, "loss": 6.366693019866943, "r_squared": 0.4449693560600281, "val_loss": 7.184948921203613, "val_r_squared": 0.3123091161251068, "_timestamp": 1700839683.9265523, "_runtime": 855.7180123329163, "_step": 42, "sparsity_level": 35, "fold": 0, "rmse": 7.286850839247168, "r2": 0.31310823023496515, "pearson_corr": 0.5634197011245912, "_wandb": {"runtime": 854}}