{"epoch": 83, "loss": 4.936673641204834, "r_squared": 0.6184806227684021, "val_loss": 6.182581901550293, "val_r_squared": 0.4338274300098419, "_timestamp": 1700684305.5718935, "_runtime": 1334.148621559143, "_step": 84, "sparsity_level": 20, "fold": 4, "rmse": 6.2174537551594184, "r2": 0.44448392342713716, "pearson_corr": 0.6711911786407128, "_wandb": {"runtime": 1333}}