{"epoch": 55, "loss": 5.293278694152832, "r_squared": 0.47954660654067993, "val_loss": 6.024618148803711, "val_r_squared": 0.346309632062912, "_timestamp": 1700760957.2657096, "_runtime": 1036.8158116340637, "_step": 56, "sparsity_level": 25, "fold": 1, "rmse": 6.090193293318609, "r2": 0.34657269487637277, "pearson_corr": 0.5918653936554332, "_wandb": {"runtime": 1035}}