{"epoch": 49, "loss": 5.861562252044678, "r_squared": 0.5461985468864441, "val_loss": 6.335073471069336, "val_r_squared": 0.4544109106063843, "_timestamp": 1700692180.018524, "_runtime": 791.2047688961029, "_step": 50, "sparsity_level": 30, "fold": 2, "rmse": 6.433851420995524, "r2": 0.44900654800378104, "pearson_corr": 0.6704872467624761, "_wandb": {"runtime": 790}}