{"epoch": 34, "loss": 7.093446254730225, "r_squared": 0.41552916169166565, "val_loss": 7.946187973022461, "val_r_squared": 0.28750741481781006, "_timestamp": 1700848070.3666987, "_runtime": 552.3166027069092, "_step": 35, "sparsity_level": 45, "fold": 4, "rmse": 8.013503131132818, "r2": 0.2933845635542597, "pearson_corr": 0.5453951598725062, "_wandb": {"runtime": 550}}