{"epoch": 66, "loss": 5.649925708770752, "r_squared": 0.599079430103302, "val_loss": 6.487387657165527, "val_r_squared": 0.47903022170066833, "_timestamp": 1700697685.2790194, "_runtime": 836.8103764057159, "_step": 67, "sparsity_level": 35, "fold": 3, "rmse": 6.619271218037094, "r2": 0.47079815882020126, "pearson_corr": 0.6868512854007466, "_wandb": {"runtime": 835}}