{"epoch": 34, "loss": 5.354705333709717, "r_squared": 0.4267534017562866, "val_loss": 6.128081321716309, "val_r_squared": 0.2846422791481018, "_timestamp": 1700816685.2406533, "_runtime": 1090.1427392959595, "_step": 35, "sparsity_level": 5, "fold": 4, "rmse": 6.147716739624795, "r2": 0.3021822826944158, "pearson_corr": 0.5520718970202141, "_wandb": {"runtime": 1089}}