{"epoch": 60, "loss": 12.321389198303223, "r_squared": 0.500769317150116, "val_loss": 13.419072151184082, "val_r_squared": 0.3921784460544586, "_timestamp": 1700863569.9960318, "_runtime": 164.68319964408875, "_step": 61, "sparsity_level": 85, "fold": 0, "rmse": 13.587121272065207, "r2": 0.3905449774525659, "pearson_corr": 0.627223282736081, "_wandb": {"runtime": 163}}