{"epoch": 33, "loss": 7.168928623199463, "r_squared": 0.409297913312912, "val_loss": 7.789339065551758, "val_r_squared": 0.290778785943985, "_timestamp": 1700847512.4215155, "_runtime": 551.5070893764496, "_step": 34, "sparsity_level": 45, "fold": 3, "rmse": 7.82337511887989, "r2": 0.30147157621774356, "pearson_corr": 0.5516443263788828, "_wandb": {"runtime": 550}}