{"epoch": 74, "loss": 10.43450927734375, "r_squared": 0.5597094893455505, "val_loss": 10.902266502380371, "val_r_squared": 0.47539186477661133, "_timestamp": 1700794237.322367, "_runtime": 205.13136792182922, "_step": 75, "sparsity_level": 85, "fold": 3, "rmse": 10.993349637768741, "r2": 0.4711767558398061, "pearson_corr": 0.6899131362850089, "_wandb": {"runtime": 203}}