{"epoch": 36, "loss": 5.1024250984191895, "r_squared": 0.42470598220825195, "val_loss": 5.760643482208252, "val_r_squared": 0.29657745361328125, "_timestamp": 1700746607.1355774, "_runtime": 804.8721654415131, "_step": 37, "sparsity_level": 10, "fold": 2, "rmse": 5.864680778196168, "r2": 0.293133461338416, "pearson_corr": 0.5464169272774423, "_wandb": {"runtime": 803}}