{"epoch": 78, "loss": 7.560823440551758, "r_squared": 0.6094480156898499, "val_loss": 8.500636100769043, "val_r_squared": 0.4940911829471588, "_timestamp": 1700716307.5939586, "_runtime": 638.6686265468597, "_step": 79, "sparsity_level": 65, "fold": 1, "rmse": 8.616419873603862, "r2": 0.4881699565304881, "pearson_corr": 0.701554937728242, "_wandb": {"runtime": 637}}