{"epoch": 57, "loss": 4.728764533996582, "r_squared": 0.4689481556415558, "val_loss": 5.556210517883301, "val_r_squared": 0.32444846630096436, "_timestamp": 1700743378.2680984, "_runtime": 1412.294661283493, "_step": 58, "sparsity_level": 5, "fold": 4, "rmse": 5.603771707876938, "r2": 0.330951010964609, "pearson_corr": 0.5796957038691987, "_wandb": {"runtime": 1411}}