{"epoch": 67, "loss": 6.444309711456299, "r_squared": 0.5987899899482727, "val_loss": 7.590147972106934, "val_r_squared": 0.45438462495803833, "_timestamp": 1700707167.3256307, "_runtime": 706.5811047554016, "_step": 68, "sparsity_level": 50, "fold": 1, "rmse": 7.7611696478580345, "r2": 0.44282335297186837, "pearson_corr": 0.6686976903994137, "_wandb": {"runtime": 705}}