{"sparsity_level": 95, "fold": 1, "rmse": 21.59206460443794, "r2": 0.48320410757350907, "pearson_corr": 0.6953982815061691, "_timestamp": 1700655958.063498, "_runtime": 32.10263395309448, "_step": 0, "_wandb": {"runtime": 30}}