{"epoch": 63, "loss": 5.987015247344971, "r_squared": 0.503216564655304, "val_loss": 7.006443023681641, "val_r_squared": 0.3425977826118469, "_timestamp": 1700778806.4789963, "_runtime": 811.2045161724091, "_step": 64, "sparsity_level": 45, "fold": 4, "rmse": 7.069392111576076, "r2": 0.3509081469745483, "pearson_corr": 0.5981408571004057, "_wandb": {"runtime": 809}}