{"epoch": 54, "loss": 6.059123992919922, "r_squared": 0.5705652832984924, "val_loss": 7.147915840148926, "val_r_squared": 0.45062825083732605, "_timestamp": 1700699207.672399, "_runtime": 698.4383010864258, "_step": 55, "sparsity_level": 40, "fold": 0, "rmse": 7.412100380411833, "r2": 0.42593430250882325, "pearson_corr": 0.6538095574473723, "_wandb": {"runtime": 697}}