{"epoch": 46, "loss": 5.466366291046143, "r_squared": 0.45686283707618713, "val_loss": 5.820722579956055, "val_r_squared": 0.336260050535202, "_timestamp": 1700759915.06312, "_runtime": 900.992574930191, "_step": 47, "sparsity_level": 25, "fold": 0, "rmse": 5.852235006245865, "r2": 0.34333362545662593, "pearson_corr": 0.590660942019009, "_wandb": {"runtime": 900}}