{"epoch": 71, "loss": 7.458767414093018, "r_squared": 0.6115136742591858, "val_loss": 9.049524307250977, "val_r_squared": 0.48195821046829224, "_timestamp": 1700716902.464953, "_runtime": 588.8536369800568, "_step": 72, "sparsity_level": 65, "fold": 2, "rmse": 9.399877344579265, "r2": 0.45948690383908786, "pearson_corr": 0.6780937281727408, "_wandb": {"runtime": 587}}