{"epoch": 61, "loss": 5.177890777587891, "r_squared": 0.5762410759925842, "val_loss": 5.714761257171631, "val_r_squared": 0.45234864950180054, "_timestamp": 1700675774.5947092, "_runtime": 975.2359900474548, "_step": 62, "sparsity_level": 15, "fold": 1, "rmse": 5.778163234272033, "r2": 0.45024031589935287, "pearson_corr": 0.6741369307835506, "_wandb": {"runtime": 973}}