{"epoch": 34, "loss": 7.055163383483887, "r_squared": 0.428743839263916, "val_loss": 7.60564661026001, "val_r_squared": 0.31934115290641785, "_timestamp": 1700846512.4184654, "_runtime": 582.7562184333801, "_step": 35, "sparsity_level": 45, "fold": 1, "rmse": 7.679449008194657, "r2": 0.3229536395786271, "pearson_corr": 0.5706610332112002, "_wandb": {"runtime": 581}}