{"epoch": 67, "loss": 4.779360771179199, "r_squared": 0.5893192887306213, "val_loss": 5.543786525726318, "val_r_squared": 0.4467640519142151, "_timestamp": 1700668306.4354007, "_runtime": 1208.7468357086182, "_step": 68, "sparsity_level": 5, "fold": 4, "rmse": 5.627699468377882, "r2": 0.44213470595264515, "pearson_corr": 0.6673163765504446, "_wandb": {"runtime": 1207}}