{"epoch": 36, "loss": 5.40747594833374, "r_squared": 0.5140826106071472, "val_loss": 5.667699813842773, "val_r_squared": 0.42755332589149475, "_timestamp": 1700672850.4960806, "_runtime": 633.1101026535034, "_step": 37, "sparsity_level": 10, "fold": 3, "rmse": 5.713972739205925, "r2": 0.42672139534446973, "pearson_corr": 0.6537561774282359, "_wandb": {"runtime": 631}}