{"epoch": 35, "loss": 6.690366744995117, "r_squared": 0.43399447202682495, "val_loss": 7.489417552947998, "val_r_squared": 0.28720372915267944, "_timestamp": 1700845317.1018753, "_runtime": 673.0272483825684, "_step": 36, "sparsity_level": 40, "fold": 4, "rmse": 7.557401508001465, "r2": 0.2913281142799421, "pearson_corr": 0.5451937309252982, "_wandb": {"runtime": 671}}