{"epoch": 121, "loss": 11.914765357971191, "r_squared": 0.700248658657074, "val_loss": 14.34092903137207, "val_r_squared": 0.6042897701263428, "_timestamp": 1700728786.5283363, "_runtime": 319.44559240341187, "_step": 122, "sparsity_level": 90, "fold": 4, "rmse": 14.94937941793182, "r2": 0.5778028261826775, "pearson_corr": 0.7601975520173546, "_wandb": {"runtime": 317}}