{"epoch": 33, "loss": 8.855425834655762, "r_squared": 0.4190860688686371, "val_loss": 9.52212905883789, "val_r_squared": 0.33764922618865967, "_timestamp": 1700857446.6167142, "_runtime": 390.33123230934143, "_step": 34, "sparsity_level": 65, "fold": 2, "rmse": 9.595994601340138, "r2": 0.34182754336265064, "pearson_corr": 0.5853264224571758, "_wandb": {"runtime": 388}}