{"epoch": 42, "loss": 5.923262596130371, "r_squared": 0.44233816862106323, "val_loss": 6.6696577072143555, "val_r_squared": 0.3150460422039032, "_timestamp": 1700833695.608365, "_runtime": 927.2228679656982, "_step": 43, "sparsity_level": 25, "fold": 2, "rmse": 6.768353241403133, "r2": 0.3125969149664043, "pearson_corr": 0.5612851642561253, "_wandb": {"runtime": 926}}