{"epoch": 36, "loss": 5.085144996643066, "r_squared": 0.5157649517059326, "val_loss": 5.372570037841797, "val_r_squared": 0.4381146728992462, "_timestamp": 1700663239.9403403, "_runtime": 714.3048553466797, "_step": 37, "sparsity_level": 0, "fold": 4, "rmse": 5.472143510379378, "r2": 0.4279732471636214, "pearson_corr": 0.655052812594793, "_wandb": {"runtime": 713}}