{"epoch": 2, "loss": 7.049177169799805, "r_squared": 0.06751135736703873, "val_loss": 7.29857873916626, "val_r_squared": 0.07042782753705978, "_timestamp": 1701740014.1995046, "_runtime": 27.03699564933777, "_step": 2, "_wandb": {"runtime": 129}}