{"epoch": 199, "loss": 12.703384399414062, "r_squared": 0.7494252324104309, "val_loss": 16.135282516479492, "val_r_squared": 0.6271377205848694, "_timestamp": 1700795672.8824885, "_runtime": 141.23989939689636, "_step": 200, "sparsity_level": 95, "fold": 0, "rmse": 16.39575612194808, "r2": 0.6175981613040669, "pearson_corr": 0.7861115481776341, "_wandb": {"runtime": 140}}