{"epoch": 9, "loss": 22.0039119720459, "r_squared": 0.4821847677230835, "val_loss": 21.957721710205078, "val_r_squared": 0.5081649422645569, "_timestamp": 1700657197.125507, "_runtime": 29.636122226715088, "_step": 10, "sparsity_level": 95, "fold": 0, "rmse": 22.986448960079382, "r2": 0.4753513419185327, "pearson_corr": 0.6904737884551528, "_wandb": {"runtime": 28}}