{"epoch": 49, "loss": 11.098289489746094, "r_squared": 0.47525620460510254, "val_loss": 12.06772518157959, "val_r_squared": 0.35227635502815247, "_timestamp": 1700863113.401953, "_runtime": 229.050390958786, "_step": 50, "sparsity_level": 80, "fold": 3, "rmse": 12.146203222687461, "r2": 0.35841001869558375, "pearson_corr": 0.6026739029648102, "_wandb": {"runtime": 227}}