{"epoch": 55, "loss": 8.569171905517578, "r_squared": 0.5771953463554382, "val_loss": 9.024144172668457, "val_r_squared": 0.49331608414649963, "_timestamp": 1700719725.7650657, "_runtime": 427.27009773254395, "_step": 56, "sparsity_level": 70, "fold": 2, "rmse": 9.149203597690676, "r2": 0.4900017411073674, "pearson_corr": 0.7006979268565217, "_wandb": {"runtime": 426}}