{"epoch": 4, "loss": 9.792247772216797, "recon_loss": 9.792247772216797, "kl_loss": 100.87271118164062, "val_loss": 9.062995910644531, "val_recon_loss": 9.062995910644531, "val_kl_loss": 109.12350463867188, "_timestamp": 1701738031.0345592, "_runtime": 23.406334161758423, "_step": 5, "fold": 2, "precision": 0.928341384863124, "recall": 0.33415447036661355, "f1": 0.49142248268513583, "roc_auc": 0.959019678993595, "auprc": 0.5318892152488957, "_wandb": {"runtime": 22}}