{"epoch": 36, "loss": 8.773946762084961, "r_squared": 0.42798423767089844, "val_loss": 9.834403991699219, "val_r_squared": 0.3063800632953644, "_timestamp": 1700857050.6821606, "_runtime": 430.73356652259827, "_step": 37, "sparsity_level": 65, "fold": 1, "rmse": 9.995406000621582, "r2": 0.30093078370565773, "pearson_corr": 0.5504860442570964, "_wandb": {"runtime": 429}}