{"epoch": 70, "loss": 8.176556587219238, "r_squared": 0.6055720448493958, "val_loss": 9.36346435546875, "val_r_squared": 0.5041402578353882, "_timestamp": 1700718648.9795835, "_runtime": 451.7279624938965, "_step": 71, "sparsity_level": 70, "fold": 0, "rmse": 9.647064639145412, "r2": 0.48437549363574983, "pearson_corr": 0.6960676992896705, "_wandb": {"runtime": 450}}