{"epoch": 47, "loss": 11.213602066040039, "r_squared": 0.4637119174003601, "val_loss": 11.680070877075195, "val_r_squared": 0.385847806930542, "_timestamp": 1700862879.4142601, "_runtime": 232.97876906394958, "_step": 48, "sparsity_level": 80, "fold": 2, "rmse": 11.75698969912473, "r2": 0.3898492181747599, "pearson_corr": 0.6257823820271917, "_wandb": {"runtime": 231}}