{"epoch": 43, "loss": 8.082742691040039, "r_squared": 0.44111743569374084, "val_loss": 9.086551666259766, "val_r_squared": 0.32742542028427124, "_timestamp": 1700854523.8714852, "_runtime": 584.234970331192, "_step": 44, "sparsity_level": 60, "fold": 1, "rmse": 9.192458071366275, "r2": 0.3271346007839019, "pearson_corr": 0.5737746374186313, "_wandb": {"runtime": 580}}