{"epoch": 74, "loss": 5.291195392608643, "r_squared": 0.599010705947876, "val_loss": 6.104118347167969, "val_r_squared": 0.45609191060066223, "_timestamp": 1700688350.0862434, "_runtime": 1158.534018278122, "_step": 75, "sparsity_level": 25, "fold": 3, "rmse": 6.182739909030531, "r2": 0.4534890080014907, "pearson_corr": 0.6769872598444501, "_wandb": {"runtime": 1157}}