{"epoch": 82, "loss": 5.166828632354736, "r_squared": 0.6118921637535095, "val_loss": 6.268446922302246, "val_r_squared": 0.46235769987106323, "_timestamp": 1700687184.9439974, "_runtime": 1234.9259204864502, "_step": 83, "sparsity_level": 25, "fold": 2, "rmse": 6.414536265071129, "r2": 0.45378680030485663, "pearson_corr": 0.6768566575655568, "_wandb": {"runtime": 1233}}