{"epoch": 39, "loss": 5.066496849060059, "r_squared": 0.44010066986083984, "val_loss": 5.538753509521484, "val_r_squared": 0.321036159992218, "_timestamp": 1700748410.4963613, "_runtime": 862.9214272499084, "_step": 40, "sparsity_level": 10, "fold": 4, "rmse": 5.57219125425018, "r2": 0.3214442929036967, "pearson_corr": 0.5685395643738083, "_wandb": {"runtime": 861}}