{"epoch": 94, "loss": 8.383115768432617, "r_squared": 0.6555735468864441, "val_loss": 9.469675064086914, "val_r_squared": 0.5342986583709717, "_timestamp": 1700723058.7869718, "_runtime": 514.0007677078247, "_step": 95, "sparsity_level": 75, "fold": 4, "rmse": 9.603158013627526, "r2": 0.5270714119658955, "pearson_corr": 0.7271189162401923, "_wandb": {"runtime": 512}}