{"epoch": 46, "loss": 6.212656021118164, "r_squared": 0.471839040517807, "val_loss": 6.908120632171631, "val_r_squared": 0.35216838121414185, "_timestamp": 1700777421.5346727, "_runtime": 634.4528386592865, "_step": 47, "sparsity_level": 45, "fold": 2, "rmse": 6.969007264640886, "r2": 0.3490183090287775, "pearson_corr": 0.5925778246119129, "_wandb": {"runtime": 633}}