{"epoch": 115, "loss": 10.626776695251465, "recon_loss": 6.805069446563721, "kl_loss": 3.8217177391052246, "val_loss": 12.016170501708984, "val_recon_loss": 8.513849258422852, "val_kl_loss": 3.5023248195648193, "_timestamp": 1701360796.526775, "_runtime": 333.9829339981079, "_step": 116, "fold": 0, "precision": 0.8316216216216217, "recall": 0.44497469269703543, "f1": 0.5797456429580782, "roc_auc": 0.9615611348476371, "auprc": 0.6111949799889446, "_wandb": {"runtime": 333}}