{"epoch": 33, "loss": 7.0333452224731445, "r_squared": 0.427628755569458, "val_loss": 7.827477931976318, "val_r_squared": 0.30272483825683594, "_timestamp": 1700845924.9538648, "_runtime": 567.6855397224426, "_step": 34, "sparsity_level": 45, "fold": 0, "rmse": 7.972056483953221, "r2": 0.2979927417356677, "pearson_corr": 0.5480237506915429, "_wandb": {"runtime": 566}}