{"epoch": 115, "loss": 10.630044937133789, "recon_loss": 6.777429103851318, "kl_loss": 3.8526172637939453, "val_loss": 11.9285249710083, "val_recon_loss": 8.36667251586914, "val_kl_loss": 3.561854839324951, "_timestamp": 1701361434.8716516, "_runtime": 315.3573615550995, "_step": 116, "fold": 2, "precision": 0.8288805770772107, "recall": 0.4463065525426167, "f1": 0.5802047781569966, "roc_auc": 0.9642866060254832, "auprc": 0.6157103283830823, "_wandb": {"runtime": 313}}