{"epoch": 68, "loss": 6.7992095947265625, "r_squared": 0.5962227582931519, "val_loss": 7.668230056762695, "val_r_squared": 0.48553329706192017, "_timestamp": 1700710795.921021, "_runtime": 690.9917531013489, "_step": 69, "sparsity_level": 55, "fold": 2, "rmse": 7.810375069536374, "r2": 0.47970387537233505, "pearson_corr": 0.6933911471802948, "_wandb": {"runtime": 689}}