{"epoch": 114, "loss": 10.451225280761719, "recon_loss": 6.592519283294678, "kl_loss": 3.8976848125457764, "val_loss": 11.702170372009277, "val_recon_loss": 8.279101371765137, "val_kl_loss": 3.4576492309570312, "_timestamp": 1701737333.908969, "_runtime": 308.63681387901306, "_step": 115, "fold": 0, "precision": 0.8149826712876567, "recall": 0.44326832451243386, "f1": 0.574219300305236, "roc_auc": 0.9655885976232843, "auprc": 0.6182400737425632, "_wandb": {"runtime": 307}}