{"epoch": 93, "loss": 9.412680625915527, "r_squared": 0.6487720608711243, "val_loss": 10.519539833068848, "val_r_squared": 0.545868456363678, "_timestamp": 1700723907.07123, "_runtime": 444.67842197418213, "_step": 94, "sparsity_level": 80, "fold": 1, "rmse": 10.704552356944168, "r2": 0.5417037917239114, "pearson_corr": 0.7372014883694836, "_wandb": {"runtime": 443}}