{"epoch": 64, "loss": 4.98176908493042, "r_squared": 0.5807307362556458, "val_loss": 5.661701679229736, "val_r_squared": 0.45334553718566895, "_timestamp": 1700669534.1710167, "_runtime": 1189.0214166641235, "_step": 65, "sparsity_level": 10, "fold": 0, "rmse": 5.770905528230179, "r2": 0.4443630805631239, "pearson_corr": 0.6697856902650836, "_wandb": {"runtime": 1188}}