{"epoch": 40, "loss": 5.652829170227051, "r_squared": 0.4504633843898773, "val_loss": 6.15496826171875, "val_r_squared": 0.3387555480003357, "_timestamp": 1700765722.8778095, "_runtime": 770.4003765583038, "_step": 41, "sparsity_level": 30, "fold": 2, "rmse": 6.198854266861396, "r2": 0.336745127246977, "pearson_corr": 0.5825795121939444, "_wandb": {"runtime": 769}}