{"epoch": 45, "loss": 8.101578712463379, "r_squared": 0.49013251066207886, "val_loss": 8.818175315856934, "val_r_squared": 0.3849150240421295, "_timestamp": 1700789005.7518058, "_runtime": 310.4019367694855, "_step": 46, "sparsity_level": 70, "fold": 0, "rmse": 8.896278349132475, "r2": 0.38181108953762133, "pearson_corr": 0.6194219053302431, "_wandb": {"runtime": 309}}