{"epoch": 199, "loss": 12.881734848022461, "r_squared": 0.7437607049942017, "val_loss": 15.59811019897461, "val_r_squared": 0.6383909583091736, "_timestamp": 1700795977.8383956, "_runtime": 141.3092906475067, "_step": 200, "sparsity_level": 95, "fold": 2, "rmse": 16.020851535115604, "r2": 0.6203805721440121, "pearson_corr": 0.7877325810792346, "_wandb": {"runtime": 139}}