{"epoch": 96, "loss": 9.312047004699707, "r_squared": 0.6542969346046448, "val_loss": 10.776505470275879, "val_r_squared": 0.5543702244758606, "_timestamp": 1700724717.8970687, "_runtime": 432.9627046585083, "_step": 97, "sparsity_level": 80, "fold": 3, "rmse": 11.135618817246568, "r2": 0.5355767321850958, "pearson_corr": 0.731943654512538, "_wandb": {"runtime": 431}}