{"epoch": 55, "loss": 5.0171122550964355, "r_squared": 0.47122427821159363, "val_loss": 5.666713714599609, "val_r_squared": 0.3161722719669342, "_timestamp": 1700749575.5709164, "_runtime": 1122.6977293491364, "_step": 56, "sparsity_level": 15, "fold": 0, "rmse": 5.71723379358611, "r2": 0.3195257126376978, "pearson_corr": 0.5754803591545805, "_wandb": {"runtime": 1121}}