{"epoch": 58, "loss": 6.278918743133545, "r_squared": 0.5830357074737549, "val_loss": 7.04482889175415, "val_r_squared": 0.4667726457118988, "_timestamp": 1700705044.7648675, "_runtime": 638.0670876502991, "_step": 59, "sparsity_level": 45, "fold": 3, "rmse": 7.154828872590297, "r2": 0.461742584707879, "pearson_corr": 0.6807907521973932, "_wandb": {"runtime": 636}}