{"epoch": 31, "loss": 5.689388275146484, "r_squared": 0.41882842779159546, "val_loss": 6.362808704376221, "val_r_squared": 0.3007059395313263, "_timestamp": 1700825144.6919212, "_runtime": 845.2463221549988, "_step": 32, "sparsity_level": 15, "fold": 3, "rmse": 6.430216957686837, "r2": 0.30530020832212346, "pearson_corr": 0.5551670231574621, "_wandb": {"runtime": 844}}