{"epoch": 28, "loss": 5.326605319976807, "r_squared": 0.3996490240097046, "val_loss": 5.89313268661499, "val_r_squared": 0.29496002197265625, "_timestamp": 1700807727.0651953, "_runtime": 899.9786803722382, "_step": 29, "sparsity_level": 0, "fold": 0, "rmse": 5.96629864850534, "r2": 0.29427080140182793, "pearson_corr": 0.545286052025667, "_wandb": {"runtime": 899}}