{"epoch": 37, "loss": 5.941725730895996, "r_squared": 0.4414065182209015, "val_loss": 6.667205810546875, "val_r_squared": 0.31070277094841003, "_timestamp": 1700831863.8375578, "_runtime": 900.8177018165588, "_step": 38, "sparsity_level": 25, "fold": 0, "rmse": 6.69926839972546, "r2": 0.318508338826171, "pearson_corr": 0.5668053004673484, "_wandb": {"runtime": 899}}