{"epoch": 55, "loss": 7.392348766326904, "r_squared": 0.49906784296035767, "val_loss": 8.661468505859375, "val_r_squared": 0.36146149039268494, "_timestamp": 1700787783.5250978, "_runtime": 450.89695286750793, "_step": 56, "sparsity_level": 65, "fold": 2, "rmse": 8.73164657714318, "r2": 0.3611557196584009, "pearson_corr": 0.6041730024260854, "_wandb": {"runtime": 449}}