{"epoch": 80, "loss": 9.725090026855469, "r_squared": 0.6274719834327698, "val_loss": 10.709084510803223, "val_r_squared": 0.5365056991577148, "_timestamp": 1700723458.2065454, "_runtime": 381.81701135635376, "_step": 81, "sparsity_level": 80, "fold": 0, "rmse": 10.99150083191077, "r2": 0.520262451820187, "pearson_corr": 0.7224561688577495, "_wandb": {"runtime": 381}}