{"epoch": 45, "loss": 7.056249141693115, "r_squared": 0.4595860540866852, "val_loss": 8.175132751464844, "val_r_squared": 0.3175643980503082, "_timestamp": 1700849459.5029223, "_runtime": 671.9945352077484, "_step": 46, "sparsity_level": 50, "fold": 1, "rmse": 8.237298031869402, "r2": 0.3202388908448198, "pearson_corr": 0.5709180790563948, "_wandb": {"runtime": 670}}