{"epoch": 64, "loss": 8.484528541564941, "recon_loss": 5.518608093261719, "kl_loss": 6.0528998374938965, "val_loss": 10.076567649841309, "val_recon_loss": 7.322427272796631, "val_kl_loss": 5.620699405670166, "_timestamp": 1701360378.3090928, "_runtime": 184.87847471237183, "_step": 65, "fold": 1, "precision": 0.8720396326727888, "recall": 0.517347670250896, "f1": 0.6494195986682263, "roc_auc": 0.9743876623188037, "auprc": 0.6928560039461166, "_wandb": {"runtime": 183}}