{"epoch": 66, "loss": 4.869318008422852, "r_squared": 0.4996807873249054, "val_loss": 5.636313438415527, "val_r_squared": 0.3316328823566437, "_timestamp": 1700752209.5952063, "_runtime": 1446.4056022167206, "_step": 67, "sparsity_level": 15, "fold": 2, "rmse": 5.601423797674585, "r2": 0.34846678239390394, "pearson_corr": 0.5974538895724598, "_wandb": {"runtime": 1445}}