{"epoch": 37, "loss": 10.348491668701172, "r_squared": 0.4364604353904724, "val_loss": 11.135841369628906, "val_r_squared": 0.3399628698825836, "_timestamp": 1700862102.0328078, "_runtime": 248.1478807926178, "_step": 38, "sparsity_level": 75, "fold": 4, "rmse": 11.285583237278471, "r2": 0.33691235433829747, "pearson_corr": 0.5820834760819041, "_wandb": {"runtime": 246}}