{"epoch": 101, "loss": 8.139779090881348, "r_squared": 0.6632493138313293, "val_loss": 10.354608535766602, "val_r_squared": 0.5159542560577393, "_timestamp": 1700721123.965297, "_runtime": 586.701751947403, "_step": 102, "sparsity_level": 75, "fold": 0, "rmse": 10.729223663495835, "r2": 0.49235666246797716, "pearson_corr": 0.7023549133566183, "_wandb": {"runtime": 585}}