{"epoch": 66, "loss": 4.46197509765625, "r_squared": 0.507485568523407, "val_loss": 5.250586032867432, "val_r_squared": 0.3249831795692444, "_timestamp": 1700737698.8537602, "_runtime": 1629.882496356964, "_step": 67, "sparsity_level": 0, "fold": 4, "rmse": 5.3093035871433, "r2": 0.33584123840316027, "pearson_corr": 0.5879452008335779, "_wandb": {"runtime": 1628}}