{"epoch": 37, "loss": 7.761602878570557, "r_squared": 0.4270034730434418, "val_loss": 8.602460861206055, "val_r_squared": 0.298220157623291, "_timestamp": 1700852412.792454, "_runtime": 462.41557598114014, "_step": 38, "sparsity_level": 55, "fold": 2, "rmse": 8.676477601126697, "r2": 0.30383585365264154, "pearson_corr": 0.5567464034443844, "_wandb": {"runtime": 460}}