{"epoch": 37, "loss": 5.983620643615723, "r_squared": 0.43519899249076843, "val_loss": 6.723959445953369, "val_r_squared": 0.2894642949104309, "_timestamp": 1700834526.9873118, "_runtime": 825.0961318016052, "_step": 38, "sparsity_level": 25, "fold": 3, "rmse": 6.774324132186312, "r2": 0.2931727964359119, "pearson_corr": 0.5476447622087416, "_wandb": {"runtime": 823}}