{"epoch": 78, "loss": 9.021062850952148, "r_squared": 0.556393563747406, "val_loss": 10.80424976348877, "val_r_squared": 0.4373985528945923, "_timestamp": 1700793087.3258247, "_runtime": 290.29995369911194, "_step": 79, "sparsity_level": 80, "fold": 3, "rmse": 11.029101540716784, "r2": 0.4235396773665697, "pearson_corr": 0.6514432710466223, "_wandb": {"runtime": 288}}