{"epoch": 36, "loss": 6.961487770080566, "r_squared": 0.4508194625377655, "val_loss": 7.631491184234619, "val_r_squared": 0.33755630254745483, "_timestamp": 1700783723.2067916, "_runtime": 373.6355357170105, "_step": 37, "sparsity_level": 55, "fold": 3, "rmse": 7.757101316117849, "r2": 0.33191943913789923, "pearson_corr": 0.5789473168850039, "_wandb": {"runtime": 372}}