{"epoch": 29, "loss": 5.2876362800598145, "r_squared": 0.41136571764945984, "val_loss": 5.8320441246032715, "val_r_squared": 0.28888753056526184, "_timestamp": 1700809631.6434164, "_runtime": 968.3201885223389, "_step": 30, "sparsity_level": 0, "fold": 2, "rmse": 5.9089975707158295, "r2": 0.28786386842051936, "pearson_corr": 0.5388394039228179, "_wandb": {"runtime": 967}}