{"epoch": 40, "loss": 6.252031326293945, "r_squared": 0.46291160583496094, "val_loss": 7.057394027709961, "val_r_squared": 0.3283608853816986, "_timestamp": 1700777988.4281414, "_runtime": 559.5234024524689, "_step": 41, "sparsity_level": 45, "fold": 3, "rmse": 7.176654766930599, "r2": 0.3247037439343563, "pearson_corr": 0.5723082215368156, "_wandb": {"runtime": 558}}