{"epoch": 36, "loss": 5.821207046508789, "r_squared": 0.4294745624065399, "val_loss": 6.5449347496032715, "val_r_squared": 0.2909972667694092, "_timestamp": 1700827970.7543104, "_runtime": 894.6246194839478, "_step": 37, "sparsity_level": 20, "fold": 1, "rmse": 6.596797880853808, "r2": 0.29836673654794466, "pearson_corr": 0.5499671519030946, "_wandb": {"runtime": 893}}