{"epoch": 62, "loss": 6.539653301239014, "r_squared": 0.517312228679657, "val_loss": 7.307308673858643, "val_r_squared": 0.3720387816429138, "_timestamp": 1700782833.7368681, "_runtime": 616.3211731910706, "_step": 63, "sparsity_level": 55, "fold": 1, "rmse": 7.383470067168053, "r2": 0.37581974369997373, "pearson_corr": 0.6201618128854292, "_wandb": {"runtime": 614}}