{"epoch": 93, "loss": 4.668612003326416, "r_squared": 0.62532639503479, "val_loss": 5.761535167694092, "val_r_squared": 0.458149790763855, "_timestamp": 1700671246.9615343, "_runtime": 1705.267822265625, "_step": 94, "sparsity_level": 10, "fold": 1, "rmse": 5.89887325281375, "r2": 0.44849888653288705, "pearson_corr": 0.6718416012319292, "_wandb": {"runtime": 1704}}