{"epoch": 39, "loss": 7.724003791809082, "r_squared": 0.4352739751338959, "val_loss": 8.315518379211426, "val_r_squared": 0.3274618685245514, "_timestamp": 1700851525.8021572, "_runtime": 494.5750410556793, "_step": 40, "sparsity_level": 55, "fold": 0, "rmse": 8.37438271034366, "r2": 0.32962192068686946, "pearson_corr": 0.5773092575963374, "_wandb": {"runtime": 493}}