{"epoch": 88, "loss": 9.947948455810547, "r_squared": 0.5868184566497803, "val_loss": 12.141311645507812, "val_r_squared": 0.443569153547287, "_timestamp": 1700793562.0553875, "_runtime": 240.0341784954071, "_step": 89, "sparsity_level": 85, "fold": 0, "rmse": 12.424476718754503, "r2": 0.4269665189510694, "pearson_corr": 0.6549204392266724, "_wandb": {"runtime": 239}}