{"epoch": 159, "loss": 17.6859073638916, "r_squared": 0.6657884120941162, "val_loss": 18.313486099243164, "val_r_squared": 0.5702512860298157, "_timestamp": 1700865591.0136087, "_runtime": 92.18092370033264, "_step": 160, "sparsity_level": 95, "fold": 2, "rmse": 18.42686068372107, "r2": 0.5688330870577989, "pearson_corr": 0.7576060463276599, "_wandb": {"runtime": 90}}