{"epoch": 151, "loss": 12.596394538879395, "r_squared": 0.6403331756591797, "val_loss": 16.0440731048584, "val_r_squared": 0.4745686948299408, "_timestamp": 1700864753.046528, "_runtime": 219.37166810035706, "_step": 152, "sparsity_level": 90, "fold": 1, "rmse": 16.209925837456797, "r2": 0.47488358093396366, "pearson_corr": 0.6902794527996403, "_wandb": {"runtime": 217}}