{"epoch": 24, "loss": 6.922751426696777, "r_squared": 0.3941853642463684, "val_loss": 7.4367570877075195, "val_r_squared": 0.3081527650356293, "_timestamp": 1700843923.7986915, "_runtime": 480.6198744773865, "_step": 25, "sparsity_level": 40, "fold": 2, "rmse": 7.505073138149441, "r2": 0.3093581572799171, "pearson_corr": 0.5579470437074946, "_wandb": {"runtime": 479}}