{"epoch": 188, "loss": 13.225285530090332, "r_squared": 0.7339504957199097, "val_loss": 15.013269424438477, "val_r_squared": 0.6369186043739319, "_timestamp": 1700796259.9975243, "_runtime": 134.69482731819153, "_step": 189, "sparsity_level": 95, "fold": 4, "rmse": 15.788930338596566, "r2": 0.6058805833427799, "pearson_corr": 0.7797896397754692, "_wandb": {"runtime": 133}}