{"epoch": 128, "loss": 13.107719421386719, "r_squared": 0.6136939525604248, "val_loss": 15.683842658996582, "val_r_squared": 0.46990710496902466, "_timestamp": 1700865112.0784514, "_runtime": 185.36182141304016, "_step": 129, "sparsity_level": 90, "fold": 3, "rmse": 15.96516046600904, "r2": 0.4645479648648876, "pearson_corr": 0.6838798004125599, "_wandb": {"runtime": 183}}