{"epoch": 75, "loss": 5.517573356628418, "r_squared": 0.5951036810874939, "val_loss": 6.3624186515808105, "val_r_squared": 0.4594227969646454, "_timestamp": 1700691383.230814, "_runtime": 1136.856239080429, "_step": 76, "sparsity_level": 30, "fold": 1, "rmse": 6.663857110128503, "r2": 0.4310329102788433, "pearson_corr": 0.6590604334244449, "_wandb": {"runtime": 1135}}