{"sparsity_level": 95, "fold": 3, "rmse": 24.431908947003112, "r2": 0.4501964326687755, "pearson_corr": 0.6715928911936802, "_timestamp": 1700656023.256904, "_runtime": 27.217262983322144, "_step": 0, "_wandb": {"runtime": 25}}