{"epoch": 38, "loss": 5.7604146003723145, "r_squared": 0.4404458701610565, "val_loss": 6.6371283531188965, "val_r_squared": 0.2815912067890167, "_timestamp": 1700828932.8535967, "_runtime": 956.1210916042328, "_step": 39, "sparsity_level": 20, "fold": 2, "rmse": 6.642125415720809, "r2": 0.2957872008290511, "pearson_corr": 0.5495692157913065, "_wandb": {"runtime": 954}}