{"epoch": 34, "loss": 5.46407413482666, "r_squared": 0.43441593647003174, "val_loss": 6.18630313873291, "val_r_squared": 0.29262709617614746, "_timestamp": 1700820394.0355248, "_runtime": 929.3861198425293, "_step": 35, "sparsity_level": 10, "fold": 3, "rmse": 6.277950239526416, "r2": 0.2949983468547279, "pearson_corr": 0.546944115253206, "_wandb": {"runtime": 928}}