{"epoch": 33, "loss": 5.5342607498168945, "r_squared": 0.4369683563709259, "val_loss": 6.125069618225098, "val_r_squared": 0.3040129840373993, "_timestamp": 1700763435.4691336, "_runtime": 673.7098875045776, "_step": 34, "sparsity_level": 25, "fold": 4, "rmse": 6.16216384040803, "r2": 0.30707702056931885, "pearson_corr": 0.5589230991785366, "_wandb": {"runtime": 672}}