{"epoch": 38, "loss": 8.127463340759277, "r_squared": 0.43669408559799194, "val_loss": 9.19406795501709, "val_r_squared": 0.3135179579257965, "_timestamp": 1700855627.3659234, "_runtime": 585.5516753196716, "_step": 39, "sparsity_level": 60, "fold": 3, "rmse": 9.391368068842374, "r2": 0.30750010243266923, "pearson_corr": 0.5565953868193593, "_wandb": {"runtime": 584}}