{"epoch": 95, "loss": 9.230157852172852, "r_squared": 0.6567621231079102, "val_loss": 10.898857116699219, "val_r_squared": 0.5429307818412781, "_timestamp": 1700725203.8467264, "_runtime": 480.7687153816223, "_step": 96, "sparsity_level": 80, "fold": 4, "rmse": 11.453758446707642, "r2": 0.5111930594793004, "pearson_corr": 0.7157572294756184, "_wandb": {"runtime": 479}}