{"epoch": 58, "loss": 8.37635612487793, "r_squared": 0.47977033257484436, "val_loss": 9.453513145446777, "val_r_squared": 0.33555933833122253, "_timestamp": 1700858400.5966218, "_runtime": 565.9431886672974, "_step": 59, "sparsity_level": 65, "fold": 4, "rmse": 9.644866360742222, "r2": 0.32805248268121456, "pearson_corr": 0.578858027890546, "_wandb": {"runtime": 564}}