{"epoch": 42, "loss": 7.708117961883545, "r_squared": 0.46763861179351807, "val_loss": 8.18754768371582, "val_r_squared": 0.37953850626945496, "_timestamp": 1700788145.165468, "_runtime": 354.84247493743896, "_step": 43, "sparsity_level": 65, "fold": 3, "rmse": 8.238782832563198, "r2": 0.3819610838422639, "pearson_corr": 0.6192245184021102, "_wandb": {"runtime": 353}}