{"epoch": 78, "loss": 9.699238777160645, "r_squared": 0.6265901327133179, "val_loss": 11.263513565063477, "val_r_squared": 0.5094204545021057, "_timestamp": 1700724279.80071, "_runtime": 368.11662197113037, "_step": 79, "sparsity_level": 80, "fold": 2, "rmse": 11.618107710740976, "r2": 0.490279222316953, "pearson_corr": 0.7007420523056018, "_wandb": {"runtime": 366}}