{"epoch": 37, "loss": 7.363636016845703, "r_squared": 0.4488387405872345, "val_loss": 7.883407115936279, "val_r_squared": 0.36994293332099915, "_timestamp": 1700786566.360903, "_runtime": 366.72576212882996, "_step": 38, "sparsity_level": 60, "fold": 4, "rmse": 7.949283888060623, "r2": 0.3667622898984494, "pearson_corr": 0.6070460426175308, "_wandb": {"runtime": 365}}