{"sparsity_level": 95, "fold": 3, "rmse": 20.69263964082907, "r2": 0.5096002711626141, "pearson_corr": 0.7138641825301029, "_timestamp": 1700655223.440427, "_runtime": 27.267632961273193, "_step": 0, "_wandb": {"runtime": 25}}