{"epoch": 37, "loss": 6.6787590980529785, "r_squared": 0.43549999594688416, "val_loss": 7.464265823364258, "val_r_squared": 0.2977389097213745, "_timestamp": 1700844637.7325058, "_runtime": 709.3688838481903, "_step": 38, "sparsity_level": 40, "fold": 3, "rmse": 7.486631255227703, "r2": 0.30605757826775226, "pearson_corr": 0.5568181202134374, "_wandb": {"runtime": 708}}