{"epoch": 38, "loss": 6.218258857727051, "r_squared": 0.4334428310394287, "val_loss": 6.8334832191467285, "val_r_squared": 0.3008820712566376, "_timestamp": 1700836202.9394462, "_runtime": 776.6115801334381, "_step": 39, "sparsity_level": 30, "fold": 0, "rmse": 6.883516141029531, "r2": 0.30266047558875064, "pearson_corr": 0.5541924842896352, "_wandb": {"runtime": 775}}