{"epoch": 31, "loss": 6.725873947143555, "r_squared": 0.4247009754180908, "val_loss": 7.524589538574219, "val_r_squared": 0.30251413583755493, "_timestamp": 1700843439.108945, "_runtime": 575.2303268909454, "_step": 32, "sparsity_level": 40, "fold": 1, "rmse": 7.616346791348183, "r2": 0.3029418352448249, "pearson_corr": 0.5531836939672342, "_wandb": {"runtime": 573}}