{"epoch": 109, "loss": 8.055717468261719, "r_squared": 0.6770749092102051, "val_loss": 9.579232215881348, "val_r_squared": 0.537335216999054, "_timestamp": 1700722540.7950187, "_runtime": 610.116153717041, "_step": 110, "sparsity_level": 75, "fold": 3, "rmse": 9.798502529943443, "r2": 0.5251821371961618, "pearson_corr": 0.7267051414766108, "_wandb": {"runtime": 608}}