{"epoch": 115, "loss": 14.287829399108887, "recon_loss": 9.460914611816406, "kl_loss": 4.826919078826904, "val_loss": 19.93442153930664, "val_recon_loss": 15.671506881713867, "val_kl_loss": 4.2629170417785645, "_timestamp": 1701367128.3549306, "_runtime": 295.6090545654297, "_step": 116, "fold": 3, "precision": 0.7978980013783598, "recall": 0.33891978922716626, "f1": 0.47575508526813226, "roc_auc": 0.9432996003243184, "auprc": 0.47942809153110677, "_wandb": {"runtime": 294}}