{"epoch": 58, "loss": 5.467936992645264, "r_squared": 0.5723310708999634, "val_loss": 6.064138889312744, "val_r_squared": 0.456317275762558, "_timestamp": 1700685943.7594056, "_runtime": 893.7248725891113, "_step": 59, "sparsity_level": 25, "fold": 1, "rmse": 6.13827825456051, "r2": 0.45112566301696044, "pearson_corr": 0.6733254560921467, "_wandb": {"runtime": 892}}