{"epoch": 48, "loss": 5.473711967468262, "r_squared": 0.4783827066421509, "val_loss": 6.227859973907471, "val_r_squared": 0.3440853953361511, "_timestamp": 1700766635.4226463, "_runtime": 905.619175195694, "_step": 49, "sparsity_level": 30, "fold": 3, "rmse": 6.306678595340349, "r2": 0.3411142578436016, "pearson_corr": 0.5871156372161549, "_wandb": {"runtime": 904}}