{"epoch": 39, "loss": 5.682799339294434, "r_squared": 0.4479435086250305, "val_loss": 6.09307861328125, "val_r_squared": 0.3323216140270233, "_timestamp": 1700764946.8140597, "_runtime": 754.08269572258, "_step": 40, "sparsity_level": 30, "fold": 1, "rmse": 6.142412480079629, "r2": 0.33098772359266293, "pearson_corr": 0.5789177287995111, "_wandb": {"runtime": 752}}