{"epoch": 60, "loss": 7.031612873077393, "r_squared": 0.49525749683380127, "val_loss": 7.857368469238281, "val_r_squared": 0.3575369715690613, "_timestamp": 1700784708.4941282, "_runtime": 527.8553972244263, "_step": 61, "sparsity_level": 60, "fold": 0, "rmse": 7.915200466658929, "r2": 0.3579269060834449, "pearson_corr": 0.6059073084559589, "_wandb": {"runtime": 527}}