{"epoch": 67, "loss": 8.204071998596191, "r_squared": 0.5995535254478455, "val_loss": 9.63983154296875, "val_r_squared": 0.49350231885910034, "_timestamp": 1700720202.5331879, "_runtime": 472.73612880706787, "_step": 68, "sparsity_level": 70, "fold": 3, "rmse": 9.95536447843922, "r2": 0.47333717726362423, "pearson_corr": 0.6882194403217791, "_wandb": {"runtime": 471}}