{"epoch": 2, "loss": 7.082554340362549, "r_squared": 0.06744047999382019, "val_loss": 7.181215286254883, "val_r_squared": 0.0700397714972496, "_timestamp": 1701740229.6109545, "_runtime": 27.199053525924683, "_step": 2, "_wandb": {"runtime": 128}}