{"epoch": 81, "loss": 6.542513370513916, "r_squared": 0.6230245232582092, "val_loss": 7.714566707611084, "val_r_squared": 0.4831920564174652, "_timestamp": 1700712448.566653, "_runtime": 838.6571879386902, "_step": 82, "sparsity_level": 55, "fold": 4, "rmse": 7.913304942884065, "r2": 0.47076251827259574, "pearson_corr": 0.6881758157005845, "_wandb": {"runtime": 837}}