{"epoch": 148, "loss": 16.480833053588867, "r_squared": 0.7146339416503906, "val_loss": 18.519847869873047, "val_r_squared": 0.6460630297660828, "_timestamp": 1700728998.865506, "_runtime": 198.24504494667053, "_step": 149, "sparsity_level": 95, "fold": 0, "rmse": 19.492701782005206, "r2": 0.6128371586628878, "pearson_corr": 0.7830415741127732, "_wandb": {"runtime": 197}}