{"epoch": 199, "loss": 13.101605415344238, "r_squared": 0.7353097200393677, "val_loss": 15.350223541259766, "val_r_squared": 0.6370798349380493, "_timestamp": 1700795831.5140128, "_runtime": 153.34165787696838, "_step": 200, "sparsity_level": 95, "fold": 1, "rmse": 15.515920438795005, "r2": 0.6340986762647973, "pearson_corr": 0.7966434224899428, "_wandb": {"runtime": 151}}