{"epoch": 63, "loss": 12.304605484008789, "r_squared": 0.49982282519340515, "val_loss": 13.273978233337402, "val_r_squared": 0.397619366645813, "_timestamp": 1700863918.5654054, "_runtime": 174.51065635681152, "_step": 64, "sparsity_level": 85, "fold": 2, "rmse": 13.408030679972383, "r2": 0.40014788513588284, "pearson_corr": 0.6336656050859437, "_wandb": {"runtime": 172}}