{"epoch": 74, "loss": 4.530771255493164, "r_squared": 0.6041460633277893, "val_loss": 5.533278942108154, "val_r_squared": 0.4464527368545532, "_timestamp": 1700660623.5225518, "_runtime": 1433.062733888626, "_step": 75, "sparsity_level": 0, "fold": 1, "rmse": 5.67595742974836, "r2": 0.43191542951681305, "pearson_corr": 0.6593485358015656, "_wandb": {"runtime": 1431}}