{"epoch": 51, "loss": 5.967971324920654, "r_squared": 0.5557593703269958, "val_loss": 6.586699962615967, "val_r_squared": 0.4572925865650177, "_timestamp": 1700696842.0360718, "_runtime": 666.6720247268677, "_step": 52, "sparsity_level": 35, "fold": 2, "rmse": 6.685798931701638, "r2": 0.45173688367536924, "pearson_corr": 0.6723983354930962, "_wandb": {"runtime": 665}}