{"epoch": 46, "loss": 5.961358070373535, "r_squared": 0.4773145616054535, "val_loss": 6.5971503257751465, "val_r_squared": 0.33847740292549133, "_timestamp": 1700773290.0589135, "_runtime": 683.8112094402313, "_step": 47, "sparsity_level": 40, "fold": 1, "rmse": 6.63130990225165, "r2": 0.3410788408513955, "pearson_corr": 0.5905919600068541, "_wandb": {"runtime": 682}}