{"epoch": 49, "loss": 8.793839454650879, "r_squared": 0.5006844997406006, "val_loss": 9.426105499267578, "val_r_squared": 0.3877452313899994, "_timestamp": 1700792018.3706975, "_runtime": 243.63824439048767, "_step": 50, "sparsity_level": 75, "fold": 4, "rmse": 9.502879277512331, "r2": 0.38974586303033354, "pearson_corr": 0.627065449952744, "_wandb": {"runtime": 242}}