{"epoch": 42, "loss": 8.864303588867188, "r_squared": 0.5497448444366455, "val_loss": 9.043920516967773, "val_r_squared": 0.48400115966796875, "_timestamp": 1700720514.0321772, "_runtime": 306.6358633041382, "_step": 43, "sparsity_level": 70, "fold": 4, "rmse": 9.180826760780729, "r2": 0.4780955985864921, "pearson_corr": 0.6915880174215839, "_wandb": {"runtime": 305}}