{"epoch": 32, "loss": 5.2221455574035645, "r_squared": 0.42815712094306946, "val_loss": 5.802034854888916, "val_r_squared": 0.28830215334892273, "_timestamp": 1700811783.8626614, "_runtime": 1048.4840054512024, "_step": 33, "sparsity_level": 0, "fold": 4, "rmse": 5.828117102809664, "r2": 0.29483790551778466, "pearson_corr": 0.5495560341953137, "_wandb": {"runtime": 1047}}