{"epoch": 37, "loss": 6.150948524475098, "r_squared": 0.4430684447288513, "val_loss": 6.734506130218506, "val_r_squared": 0.31662270426750183, "_timestamp": 1700772600.9356723, "_runtime": 549.8549563884735, "_step": 38, "sparsity_level": 40, "fold": 0, "rmse": 6.7968524539523045, "r2": 0.31742636213881525, "pearson_corr": 0.567803699982191, "_wandb": {"runtime": 549}}