{"epoch": 50, "loss": 5.449085235595703, "r_squared": 0.48354658484458923, "val_loss": 6.2848591804504395, "val_r_squared": 0.32835736870765686, "_timestamp": 1700767581.0086672, "_runtime": 939.9259722232819, "_step": 51, "sparsity_level": 30, "fold": 4, "rmse": 6.295440002819217, "r2": 0.342882701282169, "pearson_corr": 0.5902071456503204, "_wandb": {"runtime": 938}}