{"epoch": 0, "loss": 82.97733306884766, "recon_loss": 82.97733306884766, "kl_loss": 16.214855194091797, "val_loss": 17.866016387939453, "val_recon_loss": 17.866016387939453, "val_kl_loss": 2.3789308071136475, "_timestamp": 1701737716.5769687, "_runtime": 12.156048774719238, "_step": 1, "fold": 3, "precision": 0.0, "recall": 0.0, "f1": 0.0, "roc_auc": 0.7939249262163017, "auprc": 0.055915963506742945, "_wandb": {"runtime": 10}}