{"epoch": 114, "loss": 17.172204971313477, "r_squared": 0.6917790174484253, "val_loss": 18.063621520996094, "val_r_squared": 0.6501359343528748, "_timestamp": 1700729810.8531559, "_runtime": 185.99293184280396, "_step": 115, "sparsity_level": 95, "fold": 4, "rmse": 19.16426490481688, "r2": 0.6203753235882892, "pearson_corr": 0.7877006730041155, "_wandb": {"runtime": 184}}