{"epoch": 36, "loss": 8.224616050720215, "r_squared": 0.4304369390010834, "val_loss": 8.85676383972168, "val_r_squared": 0.32899007201194763, "_timestamp": 1700855037.366548, "_runtime": 507.28676295280457, "_step": 37, "sparsity_level": 60, "fold": 2, "rmse": 8.976913648675986, "r2": 0.32737117530742077, "pearson_corr": 0.5739173809490996, "_wandb": {"runtime": 505}}