{"epoch": 47, "loss": 7.9639177322387695, "r_squared": 0.4643981456756592, "val_loss": 8.853934288024902, "val_r_squared": 0.32277432084083557, "_timestamp": 1700856207.1332827, "_runtime": 574.4847667217255, "_step": 48, "sparsity_level": 60, "fold": 4, "rmse": 8.912628282951184, "r2": 0.33067359545932784, "pearson_corr": 0.578214764090053, "_wandb": {"runtime": 573}}