{"epoch": 48, "loss": 10.940468788146973, "r_squared": 0.47733190655708313, "val_loss": 12.540207862854004, "val_r_squared": 0.3490145802497864, "_timestamp": 1700862642.019808, "_runtime": 235.18883109092712, "_step": 49, "sparsity_level": 80, "fold": 1, "rmse": 12.821409889275255, "r2": 0.3417651685591975, "pearson_corr": 0.5855804858162197, "_wandb": {"runtime": 234}}