{"epoch": 40, "loss": 5.014133930206299, "r_squared": 0.5234656929969788, "val_loss": 5.554624557495117, "val_r_squared": 0.4179675579071045, "_timestamp": 1700659182.4799411, "_runtime": 796.8180122375488, "_step": 41, "sparsity_level": 0, "fold": 0, "rmse": 5.63286863797653, "r2": 0.41303655204710976, "pearson_corr": 0.6434696116221205, "_wandb": {"runtime": 796}}