{"epoch": 52, "loss": 5.166171073913574, "r_squared": 0.548495888710022, "val_loss": 5.825915336608887, "val_r_squared": 0.4299149215221405, "_timestamp": 1700672212.4907281, "_runtime": 958.1418402194977, "_step": 53, "sparsity_level": 10, "fold": 2, "rmse": 5.999652994467175, "r2": 0.4169582585342514, "pearson_corr": 0.6481073012211881, "_wandb": {"runtime": 957}}