{"epoch": 52, "loss": 4.901004791259766, "r_squared": 0.47337982058525085, "val_loss": 5.570407867431641, "val_r_squared": 0.3102116584777832, "_timestamp": 1700745796.6130373, "_runtime": 1207.1881034374237, "_step": 53, "sparsity_level": 10, "fold": 1, "rmse": 5.61493881932626, "r2": 0.31435908572201754, "pearson_corr": 0.5703121582242628, "_wandb": {"runtime": 1205}}