{"epoch": 65, "loss": 6.166157245635986, "r_squared": 0.5893806219100952, "val_loss": 7.247873783111572, "val_r_squared": 0.48130089044570923, "_timestamp": 1700705761.0753202, "_runtime": 710.5027322769165, "_step": 66, "sparsity_level": 45, "fold": 4, "rmse": 7.585480459664467, "r2": 0.45021095643369613, "pearson_corr": 0.6716123973235555, "_wandb": {"runtime": 709}}