{"epoch": 30, "loss": 5.905396938323975, "r_squared": 0.4161761999130249, "val_loss": 6.529671669006348, "val_r_squared": 0.29055914282798767, "_timestamp": 1700830910.9947922, "_runtime": 808.9116423130035, "_step": 31, "sparsity_level": 20, "fold": 4, "rmse": 6.5663080091507675, "r2": 0.30248069559397106, "pearson_corr": 0.5515451991159597, "_wandb": {"runtime": 806}}