{"epoch": 124, "loss": 11.885981559753418, "r_squared": 0.7084435820579529, "val_loss": 13.701356887817383, "val_r_squared": 0.6063263416290283, "_timestamp": 1700728135.398909, "_runtime": 320.4681980609894, "_step": 125, "sparsity_level": 90, "fold": 2, "rmse": 14.089253689495642, "r2": 0.5889257150721479, "pearson_corr": 0.7678052410234488, "_wandb": {"runtime": 318}}