{"epoch": 34, "loss": 5.470009803771973, "r_squared": 0.4308401942253113, "val_loss": 6.245283126831055, "val_r_squared": 0.29654017090797424, "_timestamp": 1700819457.726364, "_runtime": 928.7436299324036, "_step": 35, "sparsity_level": 10, "fold": 2, "rmse": 6.316807754873709, "r2": 0.3018847987621004, "pearson_corr": 0.5529355480997465, "_wandb": {"runtime": 927}}