{"epoch": 115, "loss": 14.370515823364258, "recon_loss": 9.667089462280273, "kl_loss": 4.703433990478516, "val_loss": 19.7254581451416, "val_recon_loss": 15.604818344116211, "val_kl_loss": 4.120643138885498, "_timestamp": 1701367431.1416316, "_runtime": 297.4864146709442, "_step": 116, "fold": 4, "precision": 0.8110732538330494, "recall": 0.3438786565547129, "f1": 0.4829825006340349, "roc_auc": 0.943706921757565, "auprc": 0.48847387979983264, "_wandb": {"runtime": 296}}