{"epoch": 79, "loss": 6.618324279785156, "r_squared": 0.6190822124481201, "val_loss": 7.607213497161865, "val_r_squared": 0.47995731234550476, "_timestamp": 1700711603.886971, "_runtime": 801.8365840911865, "_step": 80, "sparsity_level": 55, "fold": 3, "rmse": 7.73383478649425, "r2": 0.47536375498885874, "pearson_corr": 0.6903472829406084, "_wandb": {"runtime": 800}}