{"epoch": 41, "loss": 5.28768253326416, "r_squared": 0.44944170117378235, "val_loss": 5.9305267333984375, "val_r_squared": 0.32139474153518677, "_timestamp": 1700756383.9109612, "_runtime": 806.8280510902405, "_step": 42, "sparsity_level": 20, "fold": 1, "rmse": 5.9970597444952185, "r2": 0.317839120870404, "pearson_corr": 0.5689799552835181, "_wandb": {"runtime": 805}}