{"epoch": 36, "loss": 5.10278844833374, "r_squared": 0.5117390155792236, "val_loss": 5.440855503082275, "val_r_squared": 0.42340409755706787, "_timestamp": 1700662520.239361, "_runtime": 750.9760320186615, "_step": 37, "sparsity_level": 0, "fold": 3, "rmse": 5.513242747607783, "r2": 0.41867241566964963, "pearson_corr": 0.648078344257428, "_wandb": {"runtime": 749}}