{"epoch": 27, "loss": 5.570575714111328, "r_squared": 0.3979490101337433, "val_loss": 5.945336818695068, "val_r_squared": 0.2850034534931183, "_timestamp": 1700757998.2442489, "_runtime": 593.660050868988, "_step": 28, "sparsity_level": 20, "fold": 3, "rmse": 5.966293596392833, "r2": 0.2878456973947263, "pearson_corr": 0.5398080187158422, "_wandb": {"runtime": 592}}