{"epoch": 26, "loss": 5.551019191741943, "r_squared": 0.39349037408828735, "val_loss": 6.023714065551758, "val_r_squared": 0.2752515375614166, "_timestamp": 1700813757.6762676, "_runtime": 778.5919256210327, "_step": 27, "sparsity_level": 5, "fold": 1, "rmse": 6.048422839890999, "r2": 0.2839912234238704, "pearson_corr": 0.5359449109043021, "_wandb": {"runtime": 777}}