{"epoch": 55, "loss": 9.832849502563477, "r_squared": 0.47802799940109253, "val_loss": 11.35450553894043, "val_r_squared": 0.3685057759284973, "_timestamp": 1700861848.724938, "_runtime": 357.1469888687134, "_step": 56, "sparsity_level": 75, "fold": 3, "rmse": 11.68501088872963, "r2": 0.35452125625207065, "pearson_corr": 0.5954933824972246, "_wandb": {"runtime": 355}}