{"epoch": 115, "loss": 10.70367431640625, "recon_loss": 6.771088123321533, "kl_loss": 3.9325921535491943, "val_loss": 11.787190437316895, "val_recon_loss": 8.216695785522461, "val_kl_loss": 3.570492744445801, "_timestamp": 1701718196.8472111, "_runtime": 327.95775723457336, "_step": 116, "fold": 0, "precision": 0.8159063383124747, "recall": 0.4465640421300729, "f1": 0.5772086824067021, "roc_auc": 0.964690469903236, "auprc": 0.6122779516784482, "_wandb": {"runtime": 327}}