{"epoch": 55, "loss": 5.610245227813721, "r_squared": 0.49009624123573303, "val_loss": 6.36933708190918, "val_r_squared": 0.33722224831581116, "_timestamp": 1700771298.7989612, "_runtime": 925.6068222522736, "_step": 56, "sparsity_level": 35, "fold": 3, "rmse": 6.413160351447031, "r2": 0.33889584148961716, "pearson_corr": 0.5885119516430017, "_wandb": {"runtime": 924}}