{"epoch": 54, "loss": 4.736819267272949, "r_squared": 0.47927194833755493, "val_loss": 5.258054733276367, "val_r_squared": 0.3406873643398285, "_timestamp": 1700741051.1545253, "_runtime": 1339.9214243888855, "_step": 55, "sparsity_level": 5, "fold": 2, "rmse": 5.263967418139778, "r2": 0.3488781336327653, "pearson_corr": 0.5959549633457323, "_wandb": {"runtime": 1338}}