{"epoch": 43, "loss": 6.287088871002197, "r_squared": 0.46127137541770935, "val_loss": 6.920759201049805, "val_r_squared": 0.33279067277908325, "_timestamp": 1700776781.3995464, "_runtime": 595.7518184185028, "_step": 44, "sparsity_level": 45, "fold": 1, "rmse": 6.961224563524079, "r2": 0.33558432808755634, "pearson_corr": 0.5834287262930175, "_wandb": {"runtime": 594}}