{"epoch": 50, "loss": 6.682793140411377, "r_squared": 0.4890195429325104, "val_loss": 7.59687614440918, "val_r_squared": 0.3667110800743103, "_timestamp": 1700782212.3387043, "_runtime": 504.06772446632385, "_step": 51, "sparsity_level": 55, "fold": 0, "rmse": 7.680203917612737, "r2": 0.3646100546443033, "pearson_corr": 0.606658762708213, "_wandb": {"runtime": 503}}