{"epoch": 38, "loss": 8.179421424865723, "r_squared": 0.4374852776527405, "val_loss": 8.80161190032959, "val_r_squared": 0.3294885754585266, "_timestamp": 1700853929.2756112, "_runtime": 536.7748131752014, "_step": 39, "sparsity_level": 60, "fold": 0, "rmse": 8.82252686562597, "r2": 0.3362677603603842, "pearson_corr": 0.5820574174642761, "_wandb": {"runtime": 535}}