{"epoch": 11, "loss": 5.576450824737549, "r_squared": 0.41077545285224915, "val_loss": 5.810687065124512, "val_r_squared": 0.37888303399086, "_timestamp": 1700658305.4876041, "_runtime": 243.6906681060791, "_step": 11, "_wandb": {"runtime": 249}}