{"epoch": 63, "loss": 5.134964942932129, "r_squared": 0.5053576827049255, "val_loss": 6.198271751403809, "val_r_squared": 0.33735910058021545, "_timestamp": 1700762082.4499526, "_runtime": 1119.486374616623, "_step": 64, "sparsity_level": 25, "fold": 2, "rmse": 6.2385241557128746, "r2": 0.3423883278813221, "pearson_corr": 0.5912940155179357, "_wandb": {"runtime": 1118}}