{"epoch": 38, "loss": 5.348637580871582, "r_squared": 0.4328633248806, "val_loss": 6.002289295196533, "val_r_squared": 0.2928588092327118, "_timestamp": 1700812973.3602307, "_runtime": 1130.996390581131, "_step": 39, "sparsity_level": 5, "fold": 0, "rmse": 6.038125699719827, "r2": 0.2991226656205883, "pearson_corr": 0.5528252297672631, "_wandb": {"runtime": 1130}}