{"epoch": 57, "loss": 8.935175895690918, "r_squared": 0.48730042576789856, "val_loss": 10.456551551818848, "val_r_squared": 0.33308839797973633, "_timestamp": 1700860009.0198514, "_runtime": 457.11580753326416, "_step": 58, "sparsity_level": 70, "fold": 3, "rmse": 10.532974364279722, "r2": 0.33931903061654656, "pearson_corr": 0.5857178389889789, "_wandb": {"runtime": 455}}