{"epoch": 56, "loss": 6.166400909423828, "r_squared": 0.5674175024032593, "val_loss": 6.5939764976501465, "val_r_squared": 0.47201332449913025, "_timestamp": 1700700690.8113024, "_runtime": 717.8040444850922, "_step": 57, "sparsity_level": 40, "fold": 2, "rmse": 6.6478232687476915, "r2": 0.4697529719631628, "pearson_corr": 0.6871371438253313, "_wandb": {"runtime": 716}}