{"epoch": 68, "loss": 5.1565752029418945, "r_squared": 0.5882365107536316, "val_loss": 6.065647125244141, "val_r_squared": 0.44202935695648193, "_timestamp": 1700680031.135321, "_runtime": 1110.1572968959808, "_step": 69, "sparsity_level": 20, "fold": 0, "rmse": 6.182003904224564, "r2": 0.4368780018704277, "pearson_corr": 0.6637170738427906, "_wandb": {"runtime": 1109}}