{"epoch": 0, "loss": 83.6710433959961, "recon_loss": 83.6710433959961, "kl_loss": 12.141887664794922, "val_loss": 18.466720581054688, "val_recon_loss": 18.466720581054688, "val_kl_loss": 1.5022685527801514, "_timestamp": 1701737679.4498968, "_runtime": 12.079570770263672, "_step": 1, "fold": 1, "precision": 0.0, "recall": 0.0, "f1": 0.0, "roc_auc": 0.8019838544345925, "auprc": 0.060967774024472045, "_wandb": {"runtime": 11}}