{"epoch": 38, "loss": 5.993443012237549, "r_squared": 0.4334219694137573, "val_loss": 6.687614440917969, "val_r_squared": 0.2961883842945099, "_timestamp": 1700835383.5992556, "_runtime": 850.2869036197662, "_step": 39, "sparsity_level": 25, "fold": 4, "rmse": 6.720763913844201, "r2": 0.3013832103335723, "pearson_corr": 0.5573383553563253, "_wandb": {"runtime": 849}}