{"epoch": 23, "loss": 6.472221851348877, "r_squared": 0.38301247358322144, "val_loss": 6.920322418212891, "val_r_squared": 0.2902061641216278, "_timestamp": 1700836749.6364048, "_runtime": 542.0062248706818, "_step": 24, "sparsity_level": 30, "fold": 1, "rmse": 6.925023451653857, "r2": 0.30181348062834457, "pearson_corr": 0.5494043333730761, "_wandb": {"runtime": 540}}