{"epoch": 52, "loss": 6.306713104248047, "r_squared": 0.4933386445045471, "val_loss": 7.26548433303833, "val_r_squared": 0.3576030731201172, "_timestamp": 1700781111.8155925, "_runtime": 584.7274324893951, "_step": 53, "sparsity_level": 50, "fold": 3, "rmse": 7.299512417025895, "r2": 0.3661661138997878, "pearson_corr": 0.6084843608499809, "_wandb": {"runtime": 582}}