{"epoch": 32, "loss": 5.535195827484131, "r_squared": 0.4217918813228607, "val_loss": 6.165366172790527, "val_r_squared": 0.29552918672561646, "_timestamp": 1700817702.6580374, "_runtime": 955.7029514312744, "_step": 33, "sparsity_level": 10, "fold": 0, "rmse": 6.224893366158118, "r2": 0.2965881042011037, "pearson_corr": 0.5484164767321272, "_wandb": {"runtime": 955}}