{"epoch": 38, "loss": 5.651997089385986, "r_squared": 0.445130854845047, "val_loss": 6.3470916748046875, "val_r_squared": 0.31853368878364563, "_timestamp": 1700764187.1474502, "_runtime": 712.1995372772217, "_step": 39, "sparsity_level": 30, "fold": 0, "rmse": 6.457273344928215, "r2": 0.3134402485951442, "pearson_corr": 0.5632189857639777, "_wandb": {"runtime": 711}}