{"epoch": 60, "loss": 10.76657772064209, "r_squared": 0.4948582649230957, "val_loss": 12.206116676330566, "val_r_squared": 0.37959325313568115, "_timestamp": 1700862401.6146815, "_runtime": 281.94648337364197, "_step": 61, "sparsity_level": 80, "fold": 0, "rmse": 12.249734146836541, "r2": 0.3868880681511193, "pearson_corr": 0.6231862746136041, "_wandb": {"runtime": 281}}