{"epoch": 29, "loss": 5.504215717315674, "r_squared": 0.40462446212768555, "val_loss": 5.933219909667969, "val_r_squared": 0.29099202156066895, "_timestamp": 1700815588.4257839, "_runtime": 932.1387028694153, "_step": 30, "sparsity_level": 5, "fold": 3, "rmse": 5.954202507898717, "r2": 0.2972724155370502, "pearson_corr": 0.5496489569645098, "_wandb": {"runtime": 931}}