{"epoch": 52, "loss": 5.128363132476807, "r_squared": 0.4788731336593628, "val_loss": 5.904626369476318, "val_r_squared": 0.3340860903263092, "_timestamp": 1700755571.1408002, "_runtime": 1001.3313663005829, "_step": 53, "sparsity_level": 20, "fold": 0, "rmse": 5.902787469130593, "r2": 0.34514966779141565, "pearson_corr": 0.5910354892666153, "_wandb": {"runtime": 1000}}