{"epoch": 78, "loss": 5.397888660430908, "r_squared": 0.6084858775138855, "val_loss": 6.5032453536987305, "val_r_squared": 0.4498419761657715, "_timestamp": 1700690240.4142902, "_runtime": 1069.0585312843323, "_step": 79, "sparsity_level": 30, "fold": 0, "rmse": 6.5889443506143754, "r2": 0.4485733207234164, "pearson_corr": 0.671658657341079, "_wandb": {"runtime": 1068}}