{"epoch": 58, "loss": 7.936278343200684, "r_squared": 0.5073455572128296, "val_loss": 8.87091064453125, "val_r_squared": 0.3839792013168335, "_timestamp": 1700789384.9840093, "_runtime": 374.5339641571045, "_step": 59, "sparsity_level": 70, "fold": 1, "rmse": 8.898590274444665, "r2": 0.3940622770908634, "pearson_corr": 0.6294677810529561, "_wandb": {"runtime": 373}}