{"sparsity_level": 95, "fold": 2, "rmse": 18.61562537393136, "r2": 0.6383840119344174, "pearson_corr": 0.7990238648491775, "_timestamp": 1700653991.1596029, "_runtime": 204.11598181724548, "_step": 0, "_wandb": {"runtime": 202}}