{"epoch": 57, "loss": 10.04031753540039, "r_squared": 0.4683615565299988, "val_loss": 11.052619934082031, "val_r_squared": 0.35189342498779297, "_timestamp": 1700860820.4840746, "_runtime": 393.09004950523376, "_step": 58, "sparsity_level": 75, "fold": 0, "rmse": 11.175467282016388, "r2": 0.3549938733459205, "pearson_corr": 0.5974856408183694, "_wandb": {"runtime": 392}}