{"epoch": 73, "loss": 6.101551532745361, "r_squared": 0.6042284369468689, "val_loss": 7.000944137573242, "val_r_squared": 0.4716837406158447, "_timestamp": 1700703068.7301505, "_runtime": 796.174542427063, "_step": 74, "sparsity_level": 45, "fold": 0, "rmse": 7.081172108994762, "r2": 0.4769472271849122, "pearson_corr": 0.6921365355475831, "_wandb": {"runtime": 795}}