{"epoch": 42, "loss": 9.327174186706543, "r_squared": 0.4531700313091278, "val_loss": 10.101733207702637, "val_r_squared": 0.318757027387619, "_timestamp": 1700860403.4984498, "_runtime": 388.9158787727356, "_step": 43, "sparsity_level": 70, "fold": 4, "rmse": 10.193773763924609, "r2": 0.32181462201245403, "pearson_corr": 0.573610987604883, "_wandb": {"runtime": 387}}