{"epoch": 35, "loss": 7.716095924377441, "r_squared": 0.4307900667190552, "val_loss": 8.653074264526367, "val_r_squared": 0.2995857894420624, "_timestamp": 1700853361.350465, "_runtime": 453.5265121459961, "_step": 36, "sparsity_level": 55, "fold": 4, "rmse": 8.704366519623873, "r2": 0.3064470330796689, "pearson_corr": 0.5583157077648595, "_wandb": {"runtime": 452}}