{"epoch": 28, "loss": 6.563414096832275, "r_squared": 0.4149889051914215, "val_loss": 7.262358665466309, "val_r_squared": 0.28642651438713074, "_timestamp": 1700841590.5697448, "_runtime": 557.7382168769836, "_step": 29, "sparsity_level": 35, "fold": 3, "rmse": 7.309905902776675, "r2": 0.2934205170239915, "pearson_corr": 0.5432622321084192, "_wandb": {"runtime": 556}}