{"epoch": 67, "loss": 6.411357402801514, "r_squared": 0.6027731895446777, "val_loss": 7.421710968017578, "val_r_squared": 0.47163793444633484, "_timestamp": 1700706453.8606074, "_runtime": 665.3426043987274, "_step": 68, "sparsity_level": 50, "fold": 0, "rmse": 7.748366560447584, "r2": 0.45042080910172655, "pearson_corr": 0.6730718491957525, "_wandb": {"runtime": 664}}