{"epoch": 9, "loss": 22.096826553344727, "r_squared": 0.48382437229156494, "val_loss": 22.13045310974121, "val_r_squared": 0.49292704463005066, "_timestamp": 1700657337.3096216, "_runtime": 27.62058448791504, "_step": 10, "sparsity_level": 95, "fold": 4, "rmse": 23.150624957724936, "r2": 0.45508126674211946, "pearson_corr": 0.6747417634315659, "_wandb": {"runtime": 26}}