{"epoch": 138, "loss": 16.80443572998047, "r_squared": 0.7059177756309509, "val_loss": 17.617521286010742, "val_r_squared": 0.6670439839363098, "_timestamp": 1700729620.3114653, "_runtime": 220.83597826957703, "_step": 139, "sparsity_level": 95, "fold": 3, "rmse": 18.25843525913181, "r2": 0.6432335260851927, "pearson_corr": 0.8020549391527466, "_wandb": {"runtime": 219}}