{"epoch": 79, "loss": 8.13390827178955, "r_squared": 0.5600677728652954, "val_loss": 9.689730644226074, "val_r_squared": 0.4094834625720978, "_timestamp": 1700791769.116888, "_runtime": 381.38237404823303, "_step": 80, "sparsity_level": 75, "fold": 3, "rmse": 9.794927246084871, "r2": 0.4109298323570859, "pearson_corr": 0.6448913545923656, "_wandb": {"runtime": 379}}