{"epoch": 33, "loss": 4.998077869415283, "r_squared": 0.41321900486946106, "val_loss": 5.530324459075928, "val_r_squared": 0.3014945983886719, "_timestamp": 1700738649.2958202, "_runtime": 904.8819351196289, "_step": 34, "sparsity_level": 5, "fold": 0, "rmse": 5.599107347170312, "r2": 0.2994577182938747, "pearson_corr": 0.5498014383734875, "_wandb": {"runtime": 904}}