{"epoch": 63, "loss": 9.037938117980957, "r_squared": 0.5955501198768616, "val_loss": 10.039138793945312, "val_r_squared": 0.5066403150558472, "_timestamp": 1700721926.8385372, "_runtime": 359.5459551811218, "_step": 64, "sparsity_level": 75, "fold": 2, "rmse": 10.26470179265611, "r2": 0.4923788382158597, "pearson_corr": 0.7025182459289833, "_wandb": {"runtime": 358}}