{"epoch": 44, "loss": 5.135204792022705, "r_squared": 0.532682478427887, "val_loss": 5.488130569458008, "val_r_squared": 0.44029954075813293, "_timestamp": 1700664083.8474858, "_runtime": 806.9279117584229, "_step": 45, "sparsity_level": 5, "fold": 0, "rmse": 5.566479089561788, "r2": 0.4332742780026324, "pearson_corr": 0.6603387512914161, "_wandb": {"runtime": 806}}