{"epoch": 41, "loss": 8.743305206298828, "r_squared": 0.4372350573539734, "val_loss": 9.470182418823242, "val_r_squared": 0.3228718936443329, "_timestamp": 1700856614.8482544, "_runtime": 380.96413946151733, "_step": 42, "sparsity_level": 65, "fold": 0, "rmse": 9.585488929225876, "r2": 0.3223010427707238, "pearson_corr": 0.5720588474883612, "_wandb": {"runtime": 380}}