{"epoch": 109, "loss": 9.63349723815918, "r_squared": 0.6083056926727295, "val_loss": 11.574960708618164, "val_r_squared": 0.4841858744621277, "_timestamp": 1700794540.246373, "_runtime": 297.7128348350525, "_step": 110, "sparsity_level": 85, "fold": 4, "rmse": 11.72371634233417, "r2": 0.4810935382694058, "pearson_corr": 0.6945627140390929, "_wandb": {"runtime": 296}}