{"epoch": 115, "loss": 13.699280738830566, "recon_loss": 9.114538192749023, "kl_loss": 4.58474588394165, "val_loss": 17.915307998657227, "val_recon_loss": 13.933219909667969, "val_kl_loss": 3.9820892810821533, "_timestamp": 1701363459.121451, "_runtime": 346.01859998703003, "_step": 116, "fold": 0, "precision": 0.8004561003420753, "recall": 0.36875281404772625, "f1": 0.5049062419727717, "roc_auc": 0.9524846224351575, "auprc": 0.5191159368377939, "_wandb": {"runtime": 345}}