{"epoch": 64, "loss": 6.1706743240356445, "r_squared": 0.5926138162612915, "val_loss": 7.169130325317383, "val_r_squared": 0.4616521894931793, "_timestamp": 1700704400.2542021, "_runtime": 699.0458731651306, "_step": 65, "sparsity_level": 45, "fold": 2, "rmse": 7.353240708051266, "r2": 0.4485833521090469, "pearson_corr": 0.6707386127510913, "_wandb": {"runtime": 697}}