{"epoch": 53, "loss": 4.971869468688965, "r_squared": 0.48006224632263184, "val_loss": 5.560378074645996, "val_r_squared": 0.3354479968547821, "_timestamp": 1700750757.0136716, "_runtime": 1175.3331515789032, "_step": 54, "sparsity_level": 15, "fold": 1, "rmse": 5.59531136226045, "r2": 0.34022153467647687, "pearson_corr": 0.5902248261843378, "_wandb": {"runtime": 1174}}