{"epoch": 115, "loss": 10.616841316223145, "recon_loss": 6.801069259643555, "kl_loss": 3.8157732486724854, "val_loss": 12.18531608581543, "val_recon_loss": 8.644062995910645, "val_kl_loss": 3.5412545204162598, "_timestamp": 1701719162.389036, "_runtime": 303.1565589904785, "_step": 116, "fold": 3, "precision": 0.8379457524438937, "recall": 0.4408866995073892, "f1": 0.5777756681065173, "roc_auc": 0.9615899316149719, "auprc": 0.6094343494295765, "_wandb": {"runtime": 301}}