{"epoch": 59, "loss": 6.030884265899658, "r_squared": 0.5782172083854675, "val_loss": 6.946023464202881, "val_r_squared": 0.4550977349281311, "_timestamp": 1700701457.4182405, "_runtime": 761.2758696079254, "_step": 60, "sparsity_level": 40, "fold": 3, "rmse": 7.0421515615131, "r2": 0.4535982680868099, "pearson_corr": 0.6742096580539713, "_wandb": {"runtime": 760}}