{"epoch": 9, "loss": 22.069225311279297, "r_squared": 0.47913938760757446, "val_loss": 22.396076202392578, "val_r_squared": 0.4786953330039978, "_timestamp": 1700657236.0515883, "_runtime": 33.41876029968262, "_step": 10, "sparsity_level": 95, "fold": 1, "rmse": 22.88304713332898, "r2": 0.4697316637697342, "pearson_corr": 0.6868030471731901, "_wandb": {"runtime": 32}}