{"epoch": 74, "loss": 5.57852840423584, "r_squared": 0.6061503291130066, "val_loss": 6.638615608215332, "val_r_squared": 0.45905348658561707, "_timestamp": 1700695028.1015723, "_runtime": 1034.8088483810425, "_step": 75, "sparsity_level": 35, "fold": 0, "rmse": 6.813047025887849, "r2": 0.4447126546136654, "pearson_corr": 0.670393753291411, "_wandb": {"runtime": 1033}}