{"epoch": 27, "loss": 6.290380954742432, "r_squared": 0.41078412532806396, "val_loss": 7.129399299621582, "val_r_squared": 0.284925252199173, "_timestamp": 1700837381.2036688, "_runtime": 626.2064468860626, "_step": 28, "sparsity_level": 30, "fold": 2, "rmse": 7.236662160878741, "r2": 0.286214928477152, "pearson_corr": 0.5359694027444893, "_wandb": {"runtime": 624}}