{"epoch": 35, "loss": 8.788471221923828, "r_squared": 0.4289293587207794, "val_loss": 9.518231391906738, "val_r_squared": 0.3302897810935974, "_timestamp": 1700857830.122436, "_runtime": 379.2185151576996, "_step": 36, "sparsity_level": 65, "fold": 3, "rmse": 9.607435395052157, "r2": 0.3327790839346694, "pearson_corr": 0.5777146568329983, "_wandb": {"runtime": 377}}