{"epoch": 107, "loss": 10.227235794067383, "r_squared": 0.6810331344604492, "val_loss": 11.772743225097656, "val_r_squared": 0.5774878263473511, "_timestamp": 1700727189.7289362, "_runtime": 369.7381372451782, "_step": 108, "sparsity_level": 85, "fold": 4, "rmse": 12.05699571590589, "r2": 0.56248862850323, "pearson_corr": 0.7504619353147052, "_wandb": {"runtime": 368}}