{"epoch": 60, "loss": 4.942598819732666, "r_squared": 0.5798143148422241, "val_loss": 5.917445182800293, "val_r_squared": 0.4392947256565094, "_timestamp": 1700673884.7842524, "_runtime": 1027.9218063354492, "_step": 61, "sparsity_level": 10, "fold": 4, "rmse": 6.076640191968574, "r2": 0.42688515484520007, "pearson_corr": 0.65489825160828, "_wandb": {"runtime": 1026}}