{"epoch": 138, "loss": 9.66984748840332, "r_squared": 0.6643916964530945, "val_loss": 11.709540367126465, "val_r_squared": 0.5886311531066895, "_timestamp": 1700726032.3635583, "_runtime": 511.90171217918396, "_step": 139, "sparsity_level": 85, "fold": 1, "rmse": 12.238840799712069, "r2": 0.5598228336092479, "pearson_corr": 0.7485153889747497, "_wandb": {"runtime": 510}}