{"epoch": 52, "loss": 9.72713851928711, "r_squared": 0.5016553997993469, "val_loss": 10.187923431396484, "val_r_squared": 0.43328893184661865, "_timestamp": 1700793306.024975, "_runtime": 215.08437705039978, "_step": 53, "sparsity_level": 80, "fold": 4, "rmse": 10.285312956548129, "r2": 0.43092133998297577, "pearson_corr": 0.658048840596786, "_wandb": {"runtime": 213}}