{"epoch": 42, "loss": 5.751109600067139, "r_squared": 0.46260493993759155, "val_loss": 6.425378322601318, "val_r_squared": 0.333950936794281, "_timestamp": 1700772019.734696, "_runtime": 714.0340738296509, "_step": 43, "sparsity_level": 35, "fold": 4, "rmse": 6.4760997622300245, "r2": 0.33613127483684535, "pearson_corr": 0.5820074642414053, "_wandb": {"runtime": 712}}