{"epoch": 40, "loss": 5.530253887176514, "r_squared": 0.4550040364265442, "val_loss": 6.195799350738525, "val_r_squared": 0.3153270483016968, "_timestamp": 1700826148.9927301, "_runtime": 997.4981670379639, "_step": 41, "sparsity_level": 15, "fold": 4, "rmse": 6.257393470012018, "r2": 0.3163411194630773, "pearson_corr": 0.5670857370770197, "_wandb": {"runtime": 995}}