{"epoch": 134, "loss": 16.587005615234375, "r_squared": 0.7086968421936035, "val_loss": 18.605304718017578, "val_r_squared": 0.6494991779327393, "_timestamp": 1700729395.1132157, "_runtime": 208.06786465644836, "_step": 135, "sparsity_level": 95, "fold": 2, "rmse": 19.590357778418234, "r2": 0.6158242917058472, "pearson_corr": 0.7849213541824029, "_wandb": {"runtime": 205}}