{"epoch": 0, "loss": 81.02363586425781, "recon_loss": 81.02363586425781, "kl_loss": 14.718361854553223, "val_loss": 17.879440307617188, "val_recon_loss": 17.879440307617188, "val_kl_loss": 2.5910985469818115, "_timestamp": 1701737736.2274785, "_runtime": 13.330977439880371, "_step": 1, "fold": 4, "precision": 0.0, "recall": 0.0, "f1": 0.0, "roc_auc": 0.7984241395424184, "auprc": 0.0516584959407023, "_wandb": {"runtime": 11}}