{"epoch": 102, "loss": 13.89582347869873, "r_squared": 0.5776880383491516, "val_loss": 15.065023422241211, "val_r_squared": 0.46093446016311646, "_timestamp": 1700865268.686279, "_runtime": 151.6084110736847, "_step": 103, "sparsity_level": 90, "fold": 4, "rmse": 15.24831519991757, "r2": 0.45912283227652384, "pearson_corr": 0.6804830260446213, "_wandb": {"runtime": 150}}