{"epoch": 6, "loss": 5.706326961517334, "r_squared": 0.3872545659542084, "val_loss": 5.692798137664795, "val_r_squared": 0.3879483640193939, "_timestamp": 1700657979.9111848, "_runtime": 148.93417382240295, "_step": 6, "_wandb": {"runtime": 166}}