{"epoch": 49, "loss": 4.626571178436279, "r_squared": 0.4723600745201111, "val_loss": 5.316561222076416, "val_r_squared": 0.31584787368774414, "_timestamp": 1700736062.4022326, "_runtime": 1336.1551995277405, "_step": 50, "sparsity_level": 0, "fold": 3, "rmse": 5.3607005558257415, "r2": 0.3143934532452376, "pearson_corr": 0.5663400065942642, "_wandb": {"runtime": 1334}}