{"epoch": 57, "loss": 5.324388027191162, "r_squared": 0.5659259557723999, "val_loss": 5.96742582321167, "val_r_squared": 0.451259970664978, "_timestamp": 1700680962.9126198, "_runtime": 925.7784447669983, "_step": 58, "sparsity_level": 20, "fold": 1, "rmse": 6.082546573859637, "r2": 0.4436358755437172, "pearson_corr": 0.6686027379086018, "_wandb": {"runtime": 924}}