{"epoch": 76, "loss": 6.94013786315918, "r_squared": 0.6200277805328369, "val_loss": 8.288614273071289, "val_r_squared": 0.49491703510284424, "_timestamp": 1700715194.6022801, "_runtime": 694.8095121383667, "_step": 77, "sparsity_level": 60, "fold": 4, "rmse": 8.650621104813178, "r2": 0.4669382395529281, "pearson_corr": 0.6837477756882197, "_wandb": {"runtime": 693}}