{"sparsity_level": 95, "fold": 2, "rmse": 22.317575233193416, "r2": 0.4768478666214293, "pearson_corr": 0.6908055969821213, "_timestamp": 1700655191.134578, "_runtime": 27.289297103881836, "_step": 0, "_wandb": {"runtime": 25}}