{"epoch": 69, "loss": 7.5774664878845215, "r_squared": 0.6050769686698914, "val_loss": 8.885457038879395, "val_r_squared": 0.48093608021736145, "_timestamp": 1700717510.411062, "_runtime": 603.5461070537567, "_step": 70, "sparsity_level": 65, "fold": 3, "rmse": 9.260985832950576, "r2": 0.45401860009709916, "pearson_corr": 0.6748725963947395, "_wandb": {"runtime": 602}}