{"epoch": 66, "loss": 6.839692115783691, "r_squared": 0.5220803022384644, "val_loss": 7.882720947265625, "val_r_squared": 0.361754447221756, "_timestamp": 1700785786.776212, "_runtime": 591.3518970012665, "_step": 67, "sparsity_level": 60, "fold": 2, "rmse": 7.8999551006301525, "r2": 0.3729460313241415, "pearson_corr": 0.6169973013281174, "_wandb": {"runtime": 589}}