{"epoch": 37, "loss": 5.02937126159668, "r_squared": 0.41616278886795044, "val_loss": 5.367843151092529, "val_r_squared": 0.29882076382637024, "_timestamp": 1700741959.5831048, "_runtime": 901.8659098148346, "_step": 38, "sparsity_level": 5, "fold": 3, "rmse": 5.4249778296015885, "r2": 0.2957110006471091, "pearson_corr": 0.5507010322593842, "_wandb": {"runtime": 900}}