{"epoch": 46, "loss": 5.338080883026123, "r_squared": 0.5431256294250488, "val_loss": 6.029428482055664, "val_r_squared": 0.4433292746543884, "_timestamp": 1700677450.3106425, "_runtime": 795.2495214939117, "_step": 47, "sparsity_level": 15, "fold": 3, "rmse": 6.221831229094801, "r2": 0.4237747185048898, "pearson_corr": 0.6518066710305405, "_wandb": {"runtime": 794}}