{"epoch": 9, "loss": 22.138683319091797, "r_squared": 0.48767754435539246, "val_loss": 21.681148529052734, "val_r_squared": 0.47371965646743774, "_timestamp": 1700657304.3974075, "_runtime": 30.63492465019226, "_step": 10, "sparsity_level": 95, "fold": 3, "rmse": 22.08769411475353, "r2": 0.46131123185084477, "pearson_corr": 0.6792325657937991, "_wandb": {"runtime": 29}}