{"sparsity_level": 95, "fold": 3, "rmse": 19.595655560005113, "r2": 0.6117995418537734, "pearson_corr": 0.7821839871136137, "_timestamp": 1700654233.2756917, "_runtime": 237.3952648639679, "_step": 0, "_wandb": {"runtime": 235}}