{"epoch": 29, "loss": 5.64414119720459, "r_squared": 0.401248961687088, "val_loss": 6.144939422607422, "val_r_squared": 0.2988133430480957, "_timestamp": 1700818522.410815, "_runtime": 814.4992160797119, "_step": 30, "sparsity_level": 10, "fold": 1, "rmse": 6.19243755873034, "r2": 0.300996767626706, "pearson_corr": 0.5498721862232234, "_wandb": {"runtime": 813}}