{"epoch": 50, "loss": 6.3725409507751465, "r_squared": 0.48313000798225403, "val_loss": 7.322659969329834, "val_r_squared": 0.34938082098960876, "_timestamp": 1700781684.3054762, "_runtime": 567.419783115387, "_step": 51, "sparsity_level": 50, "fold": 4, "rmse": 7.463005421131082, "r2": 0.3367812297889674, "pearson_corr": 0.5851289762607017, "_wandb": {"runtime": 566}}