{"epoch": 118, "loss": 10.832527160644531, "r_squared": 0.6490880846977234, "val_loss": 12.167835235595703, "val_r_squared": 0.5523561239242554, "_timestamp": 1700795108.7081823, "_runtime": 195.0887622833252, "_step": 119, "sparsity_level": 90, "fold": 2, "rmse": 12.242171155152617, "r2": 0.5527032217011797, "pearson_corr": 0.7439731056086851, "_wandb": {"runtime": 193}}