{"epoch": 81, "loss": 8.184529304504395, "r_squared": 0.5598454475402832, "val_loss": 9.462518692016602, "val_r_squared": 0.42138010263442993, "_timestamp": 1700790814.3939302, "_runtime": 390.37657022476196, "_step": 82, "sparsity_level": 75, "fold": 0, "rmse": 9.513911557846782, "r2": 0.4208115738780198, "pearson_corr": 0.6519501356406621, "_wandb": {"runtime": 389}}