{"sparsity_level": 95, "fold": 0, "results": [18.493650426671714, 0.6318151395765028, 0.7948818204691086], "_timestamp": 1700652298.2795649, "_runtime": 198.1377899646759, "_step": 0, "_wandb": {"runtime": 197}}