{"epoch": 187, "loss": 17.252622604370117, "r_squared": 0.6790143847465515, "val_loss": 18.986995697021484, "val_r_squared": 0.5580379962921143, "_timestamp": 1700865495.228769, "_runtime": 104.20916295051575, "_step": 188, "sparsity_level": 95, "fold": 1, "rmse": 19.164078795259723, "r2": 0.5599474616258557, "pearson_corr": 0.7526077372837268, "_wandb": {"runtime": 102}}