{"epoch": 34, "loss": 5.643227577209473, "r_squared": 0.41473105549812317, "val_loss": 6.178362846374512, "val_r_squared": 0.29583069682121277, "_timestamp": 1700762755.8758843, "_runtime": 667.8744542598724, "_step": 35, "sparsity_level": 25, "fold": 3, "rmse": 6.201765374170337, "r2": 0.3017633408269812, "pearson_corr": 0.5509790553974984, "_wandb": {"runtime": 666}}