{"epoch": 52, "loss": 5.275208473205566, "r_squared": 0.5546768307685852, "val_loss": 5.870898246765137, "val_r_squared": 0.4561947286128998, "_timestamp": 1700676650.138304, "_runtime": 869.4957480430603, "_step": 53, "sparsity_level": 15, "fold": 2, "rmse": 5.994318339911665, "r2": 0.44602584121779887, "pearson_corr": 0.6682136538370249, "_wandb": {"runtime": 868}}