{"epoch": 51, "loss": 5.23024320602417, "r_squared": 0.46008893847465515, "val_loss": 5.970344066619873, "val_r_squared": 0.3064742982387543, "_timestamp": 1700757400.026463, "_runtime": 1010.8720080852509, "_step": 52, "sparsity_level": 20, "fold": 2, "rmse": 5.97082380766466, "r2": 0.3204790065686799, "pearson_corr": 0.5699805219672692, "_wandb": {"runtime": 1009}}