{"epoch": 11, "loss": 6.367109775543213, "recon_loss": 6.367109775543213, "kl_loss": 308.051025390625, "val_loss": 6.500400066375732, "val_recon_loss": 6.500400066375732, "val_kl_loss": 276.62176513671875, "_timestamp": 1701717663.8670526, "_runtime": 42.500123500823975, "_step": 11, "_wandb": {"runtime": 43}}