{"epoch": 55, "loss": 4.940589904785156, "r_squared": 0.5622715950012207, "val_loss": 5.608717441558838, "val_r_squared": 0.43637093901634216, "_timestamp": 1700666313.8949592, "_runtime": 1081.828616142273, "_step": 56, "sparsity_level": 5, "fold": 2, "rmse": 5.733997099983595, "r2": 0.42710926004521577, "pearson_corr": 0.6596354444328787, "_wandb": {"runtime": 1080}}