{"sparsity_level": 95, "fold": 4, "rmse": 23.42553055174553, "r2": 0.4483763204738185, "pearson_corr": 0.6700708023452202, "_timestamp": 1700655254.6739562, "_runtime": 25.957520246505737, "_step": 0, "_wandb": {"runtime": 24}}