{"epoch": 54, "loss": 6.072751045227051, "r_squared": 0.49600616097450256, "val_loss": 6.778854846954346, "val_r_squared": 0.359791100025177, "_timestamp": 1700776178.8384805, "_runtime": 740.4743883609772, "_step": 55, "sparsity_level": 45, "fold": 0, "rmse": 6.843375321111759, "r2": 0.3621195393272515, "pearson_corr": 0.6095786848035684, "_wandb": {"runtime": 739}}