{"epoch": 81, "loss": 5.557509422302246, "r_squared": 0.609228253364563, "val_loss": 6.678074359893799, "val_r_squared": 0.4512987434864044, "_timestamp": 1700696169.7398376, "_runtime": 1135.6477346420288, "_step": 82, "sparsity_level": 35, "fold": 1, "rmse": 6.7167308229486, "r2": 0.4575416769225883, "pearson_corr": 0.6803023022399787, "_wandb": {"runtime": 1134}}