{"epoch": 67, "loss": 9.344691276550293, "r_squared": 0.5407178997993469, "val_loss": 10.242079734802246, "val_r_squared": 0.41961437463760376, "_timestamp": 1700792792.273391, "_runtime": 248.69937705993652, "_step": 68, "sparsity_level": 80, "fold": 2, "rmse": 10.318594707782072, "r2": 0.4222880241287885, "pearson_corr": 0.6525995198484724, "_wandb": {"runtime": 247}}