{"epoch": 34, "loss": 6.270153045654297, "r_squared": 0.4183480143547058, "val_loss": 7.018198013305664, "val_r_squared": 0.2814681828022003, "_timestamp": 1700838153.1265552, "_runtime": 765.9946112632751, "_step": 35, "sparsity_level": 30, "fold": 3, "rmse": 7.098894834679301, "r2": 0.2854151532863487, "pearson_corr": 0.5380867682015262, "_wandb": {"runtime": 764}}