{"epoch": 159, "loss": 17.098447799682617, "r_squared": 0.6683233380317688, "val_loss": 21.545852661132812, "val_r_squared": 0.5410223007202148, "_timestamp": 1700865803.874777, "_runtime": 91.33243012428284, "_step": 160, "sparsity_level": 95, "fold": 4, "rmse": 22.526781808837285, "r2": 0.5198736089589183, "pearson_corr": 0.7210446207352604, "_wandb": {"runtime": 89}}