{"epoch": 53, "loss": 5.749316215515137, "r_squared": 0.5580018758773804, "val_loss": 6.585719108581543, "val_r_squared": 0.4395548403263092, "_timestamp": 1700693013.011067, "_runtime": 827.4041268825531, "_step": 54, "sparsity_level": 30, "fold": 3, "rmse": 6.745807867792851, "r2": 0.4262307503394491, "pearson_corr": 0.6534987214077485, "_wandb": {"runtime": 826}}