{"epoch": 66, "loss": 10.697854995727539, "r_squared": 0.5048546195030212, "val_loss": 12.161039352416992, "val_r_squared": 0.3757569193840027, "_timestamp": 1700863391.5658028, "_runtime": 274.2466518878937, "_step": 67, "sparsity_level": 80, "fold": 4, "rmse": 12.214575069804113, "r2": 0.38288227009537523, "pearson_corr": 0.620846771651151, "_wandb": {"runtime": 272}}