{"epoch": 53, "loss": 5.50271463394165, "r_squared": 0.5609403252601624, "val_loss": 6.378849029541016, "val_r_squared": 0.4516735374927521, "_timestamp": 1700689138.367111, "_runtime": 782.9391689300537, "_step": 54, "sparsity_level": 25, "fold": 4, "rmse": 6.63752549063518, "r2": 0.42963382207154777, "pearson_corr": 0.6556647941769169, "_wandb": {"runtime": 781}}