{"epoch": 115, "loss": 10.473153114318848, "recon_loss": 6.582530975341797, "kl_loss": 3.8906214237213135, "val_loss": 11.92763614654541, "val_recon_loss": 8.418319702148438, "val_kl_loss": 3.50931978225708, "_timestamp": 1701362087.702931, "_runtime": 316.43969082832336, "_step": 116, "fold": 4, "precision": 0.8325109649122807, "recall": 0.43789200490231417, "f1": 0.573912221854774, "roc_auc": 0.9635277069070782, "auprc": 0.6168208756229687, "_wandb": {"runtime": 315}}