{"epoch": 54, "loss": 6.9086833000183105, "r_squared": 0.5131479501724243, "val_loss": 7.831521987915039, "val_r_squared": 0.37050220370292664, "_timestamp": 1700785190.1884208, "_runtime": 477.0881378650665, "_step": 55, "sparsity_level": 60, "fold": 1, "rmse": 7.934289331657505, "r2": 0.3671094027183871, "pearson_corr": 0.6112352300815819, "_wandb": {"runtime": 475}}