{"epoch": 115, "loss": 14.400705337524414, "recon_loss": 9.62911319732666, "kl_loss": 4.771594524383545, "val_loss": 19.417142868041992, "val_recon_loss": 15.277548789978027, "val_kl_loss": 4.139596939086914, "_timestamp": 1701366827.2891278, "_runtime": 296.8019769191742, "_step": 116, "fold": 2, "precision": 0.7809869615448094, "recall": 0.3476344401998237, "f1": 0.48111433074068427, "roc_auc": 0.9445637510016054, "auprc": 0.4833769345328117, "_wandb": {"runtime": 295}}