{"epoch": 59, "loss": 5.9939093589782715, "r_squared": 0.5866575837135315, "val_loss": 6.820431709289551, "val_r_squared": 0.46444055438041687, "_timestamp": 1700699967.3590126, "_runtime": 754.4862096309662, "_step": 60, "sparsity_level": 40, "fold": 1, "rmse": 6.961637949831421, "r2": 0.45362721399089856, "pearson_corr": 0.6748962179418, "_wandb": {"runtime": 753}}