{"epoch": 47, "loss": 6.990882396697998, "r_squared": 0.4746953248977661, "val_loss": 8.023384094238281, "val_r_squared": 0.3181546628475189, "_timestamp": 1700848781.132625, "_runtime": 672.7441930770874, "_step": 48, "sparsity_level": 50, "fold": 0, "rmse": 8.07590862636231, "r2": 0.32480187028865926, "pearson_corr": 0.5738691674341286, "_wandb": {"runtime": 672}}