{"epoch": 64, "loss": 6.4899582862854, "r_squared": 0.5892351269721985, "val_loss": 7.676363945007324, "val_r_squared": 0.46726804971694946, "_timestamp": 1700708825.4598973, "_runtime": 687.5511431694031, "_step": 65, "sparsity_level": 50, "fold": 4, "rmse": 7.9209409812788785, "r2": 0.44878103410070935, "pearson_corr": 0.6710661749441972, "_wandb": {"runtime": 685}}