{"epoch": 4, "loss": 9.775270462036133, "recon_loss": 9.775270462036133, "kl_loss": 105.7342758178711, "val_loss": 9.077272415161133, "val_recon_loss": 9.077272415161133, "val_kl_loss": 115.1419677734375, "_timestamp": 1701738060.9561622, "_runtime": 23.529770135879517, "_step": 5, "fold": 3, "precision": 0.9226989226989227, "recall": 0.3521604270359951, "f1": 0.5097629737913751, "roc_auc": 0.9557479970776562, "auprc": 0.5421090500531746, "_wandb": {"runtime": 22}}