{"epoch": 120, "loss": 10.739035606384277, "r_squared": 0.6599411964416504, "val_loss": 12.475451469421387, "val_r_squared": 0.5330830812454224, "_timestamp": 1700794745.5253856, "_runtime": 190.574604511261, "_step": 121, "sparsity_level": 90, "fold": 0, "rmse": 12.526594631889832, "r2": 0.5365194808099778, "pearson_corr": 0.734187709119401, "_wandb": {"runtime": 189}}