{"epoch": 9, "loss": 22.121170043945312, "r_squared": 0.4841037392616272, "val_loss": 22.32668685913086, "val_r_squared": 0.4695700705051422, "_timestamp": 1700657268.6976295, "_runtime": 27.682920455932617, "_step": 10, "sparsity_level": 95, "fold": 2, "rmse": 22.782778766266844, "r2": 0.46002313306045295, "pearson_corr": 0.67918933499561, "_wandb": {"runtime": 26}}