{"epoch": 78, "loss": 11.866233825683594, "r_squared": 0.5285782814025879, "val_loss": 13.641341209411621, "val_r_squared": 0.39966681599617004, "_timestamp": 1700864132.1058211, "_runtime": 209.29510807991028, "_step": 79, "sparsity_level": 85, "fold": 3, "rmse": 13.853951565039699, "r2": 0.39757783144527403, "pearson_corr": 0.632752689397748, "_wandb": {"runtime": 207}}