{"epoch": 115, "loss": 10.445080757141113, "recon_loss": 6.592635631561279, "kl_loss": 3.852445363998413, "val_loss": 11.664334297180176, "val_recon_loss": 8.239849090576172, "val_kl_loss": 3.424485206604004, "_timestamp": 1701719485.2397661, "_runtime": 316.1382520198822, "_step": 116, "fold": 4, "precision": 0.8240851630073187, "recall": 0.4476651727627584, "f1": 0.5801676893531313, "roc_auc": 0.9642834333717305, "auprc": 0.61491588287824, "_wandb": {"runtime": 314}}