{"epoch": 52, "loss": 5.316962718963623, "r_squared": 0.5664156079292297, "val_loss": 5.960482597351074, "val_r_squared": 0.45272567868232727, "_timestamp": 1700682965.0278494, "_runtime": 896.1039054393768, "_step": 53, "sparsity_level": 20, "fold": 3, "rmse": 6.074426897183094, "r2": 0.4458447423656906, "pearson_corr": 0.6681451590791474, "_wandb": {"runtime": 894}}