{"epoch": 115, "loss": 14.870366096496582, "recon_loss": 10.250801086425781, "kl_loss": 4.61956787109375, "val_loss": 20.131088256835938, "val_recon_loss": 15.978659629821777, "val_kl_loss": 4.152431488037109, "_timestamp": 1701366525.488544, "_runtime": 296.17873787879944, "_step": 116, "fold": 1, "precision": 0.8004322766570605, "recall": 0.3250914411119239, "f1": 0.4623868484028716, "roc_auc": 0.9388017480112629, "auprc": 0.46502116594167714, "_wandb": {"runtime": 294}}