{"epoch": 68, "loss": 7.180903911590576, "r_squared": 0.6037662625312805, "val_loss": 7.753636837005615, "val_r_squared": 0.49510282278060913, "_timestamp": 1700713607.4692624, "_runtime": 574.6752223968506, "_step": 69, "sparsity_level": 60, "fold": 1, "rmse": 7.8118882783901835, "r2": 0.49761573300451356, "pearson_corr": 0.7081394869970733, "_wandb": {"runtime": 573}}