{"epoch": 63, "loss": 7.267246246337891, "r_squared": 0.5205844044685364, "val_loss": 8.322561264038086, "val_r_squared": 0.38440537452697754, "_timestamp": 1700788670.1795292, "_runtime": 519.6393160820007, "_step": 64, "sparsity_level": 65, "fold": 4, "rmse": 8.43595658893539, "r2": 0.3809585585744123, "pearson_corr": 0.6216153323293291, "_wandb": {"runtime": 518}}