{"epoch": 60, "loss": 5.530499458312988, "r_squared": 0.5002277493476868, "val_loss": 6.38102912902832, "val_r_squared": 0.34919047355651855, "_timestamp": 1700769518.168171, "_runtime": 1076.4448130130768, "_step": 61, "sparsity_level": 35, "fold": 1, "rmse": 6.393790292533762, "r2": 0.3608399727934305, "pearson_corr": 0.6066393185980001, "_wandb": {"runtime": 1075}}