{"epoch": 195, "loss": 13.104721069335938, "r_squared": 0.7392587065696716, "val_loss": 14.802270889282227, "val_r_squared": 0.650667667388916, "_timestamp": 1700796120.3629174, "_runtime": 138.0002565383911, "_step": 196, "sparsity_level": 95, "fold": 3, "rmse": 15.009847494424918, "r2": 0.645198933483555, "pearson_corr": 0.8034440882497488, "_wandb": {"runtime": 136}}