{"epoch": 60, "loss": 4.568682670593262, "r_squared": 0.48515430092811584, "val_loss": 5.155850410461426, "val_r_squared": 0.3576028048992157, "_timestamp": 1700731818.9961889, "_runtime": 1598.5683608055115, "_step": 61, "sparsity_level": 0, "fold": 0, "rmse": 5.201664520001137, "r2": 0.3570526047390794, "pearson_corr": 0.6000153933575926, "_wandb": {"runtime": 1597}}